mode,effect_sd,lag_min,seed,M0_naive_uncorrected,M1_bonferroni_only,M2_bonferroni_support,M3_ASDE_full
injected,0.5,15.0,0,True,True,True,True
injected,0.5,15.0,1,True,True,True,True
injected,0.5,15.0,2,True,True,True,True
injected,0.5,15.0,3,True,True,True,True
injected,0.5,15.0,4,True,True,True,True
injected,0.5,15.0,5,True,True,True,True
injected,0.5,15.0,6,True,True,True,True
injected,0.5,15.0,7,True,True,True,True
injected,0.5,15.0,8,True,True,True,True
injected,0.5,15.0,9,True,True,True,True
injected,0.5,15.0,10,True,True,True,True
injected,0.5,15.0,11,True,True,True,True
injected,0.5,15.0,12,True,True,True,True
injected,0.5,15.0,13,True,True,True,True
injected,0.5,15.0,14,True,True,True,True
injected,0.5,15.0,15,True,True,True,True
injected,0.5,15.0,16,True,True,True,True
injected,0.5,15.0,17,True,True,True,True
injected,0.5,15.0,18,True,True,True,True
injected,0.5,15.0,19,True,True,True,True
injected,0.5,15.0,20,True,True,True,True
injected,0.5,15.0,21,True,True,True,True
injected,0.5,15.0,22,True,True,True,True
injected,0.5,15.0,23,True,True,True,True
injected,0.5,15.0,24,True,True,True,True
injected,0.5,15.0,25,True,True,True,True
injected,0.5,15.0,26,True,True,True,True
injected,0.5,15.0,27,True,True,True,True
injected,0.5,15.0,28,True,True,True,True
injected,0.5,15.0,29,True,True,True,True
injected,0.5,15.0,30,True,True,True,True
injected,0.5,15.0,31,True,True,True,True
injected,0.5,15.0,32,True,True,True,True
injected,0.5,15.0,33,True,True,True,True
injected,0.5,15.0,34,True,True,True,True
injected,0.5,15.0,35,True,True,True,True
injected,0.5,15.0,36,True,True,True,True
injected,0.5,15.0,37,True,True,True,True
injected,0.5,15.0,38,True,True,True,True
injected,0.5,15.0,39,True,True,True,False
injected,0.5,15.0,40,True,True,True,True
injected,0.5,15.0,41,True,True,True,True
injected,0.5,15.0,42,True,True,True,True
injected,0.5,15.0,43,True,True,True,True
injected,0.5,15.0,44,True,True,True,True
injected,0.5,15.0,45,True,True,True,True
injected,0.5,15.0,46,True,True,True,True
injected,0.5,15.0,47,True,True,True,True
injected,0.5,15.0,48,True,True,True,True
injected,0.5,15.0,49,True,True,True,True
injected,0.5,30.0,0,True,True,True,True
injected,0.5,30.0,1,True,True,True,True
injected,0.5,30.0,2,True,True,True,True
injected,0.5,30.0,3,True,True,True,True
injected,0.5,30.0,4,True,True,True,True
injected,0.5,30.0,5,True,True,True,True
injected,0.5,30.0,6,True,False,False,False
injected,0.5,30.0,7,True,True,True,True
injected,0.5,30.0,8,True,False,False,False
injected,0.5,30.0,9,True,False,False,False
injected,0.5,30.0,10,True,False,False,False
injected,0.5,30.0,11,True,True,True,True
injected,0.5,30.0,12,True,True,True,True
injected,0.5,30.0,13,True,True,True,True
injected,0.5,30.0,14,True,False,False,False
injected,0.5,30.0,15,True,True,True,True
injected,0.5,30.0,16,True,False,False,False
injected,0.5,30.0,17,True,True,True,True
injected,0.5,30.0,18,True,True,True,True
injected,0.5,30.0,19,True,True,True,True
injected,0.5,30.0,20,True,True,True,True
injected,0.5,30.0,21,True,True,True,True
injected,0.5,30.0,22,True,True,True,True
injected,0.5,30.0,23,True,True,True,True
injected,0.5,30.0,24,True,True,True,True
injected,0.5,30.0,25,True,True,True,True
injected,0.5,30.0,26,True,True,True,True
injected,0.5,30.0,27,True,True,True,True
injected,0.5,30.0,28,True,True,True,True
injected,0.5,30.0,29,True,True,True,True
injected,0.5,30.0,30,True,True,True,True
injected,0.5,30.0,31,True,True,True,True
injected,0.5,30.0,32,True,True,True,True
injected,0.5,30.0,33,True,True,True,True
injected,0.5,30.0,34,True,False,False,False
injected,0.5,30.0,35,True,True,True,True
injected,0.5,30.0,36,True,True,True,True
injected,0.5,30.0,37,True,True,True,True
injected,0.5,30.0,38,True,True,True,True
injected,0.5,30.0,39,True,False,False,False
injected,0.5,30.0,40,True,True,True,True
injected,0.5,30.0,41,True,True,True,True
injected,0.5,30.0,42,True,True,True,True
injected,0.5,30.0,43,True,True,True,True
injected,0.5,30.0,44,True,True,True,True
injected,0.5,30.0,45,True,True,True,True
injected,0.5,30.0,46,True,True,True,True
injected,0.5,30.0,47,True,True,True,True
injected,0.5,30.0,48,True,True,True,True
injected,0.5,30.0,49,True,True,True,True
injected,0.5,60.0,0,True,False,False,False
injected,0.5,60.0,1,True,False,False,False
injected,0.5,60.0,2,True,True,True,True
injected,0.5,60.0,3,True,True,True,True
injected,0.5,60.0,4,True,True,True,True
injected,0.5,60.0,5,True,False,False,False
injected,0.5,60.0,6,True,False,False,False
injected,0.5,60.0,7,True,True,True,True
injected,0.5,60.0,8,True,True,True,True
injected,0.5,60.0,9,True,False,False,False
injected,0.5,60.0,10,True,False,False,False
injected,0.5,60.0,11,True,True,True,True
injected,0.5,60.0,12,True,True,True,True
injected,0.5,60.0,13,True,True,True,True
injected,0.5,60.0,14,True,False,False,False
injected,0.5,60.0,15,True,False,False,False
injected,0.5,60.0,16,True,True,True,True
injected,0.5,60.0,17,False,False,False,False
injected,0.5,60.0,18,True,True,True,True
injected,0.5,60.0,19,True,False,False,False
injected,0.5,60.0,20,True,True,True,True
injected,0.5,60.0,21,True,True,True,True
injected,0.5,60.0,22,True,False,False,False
injected,0.5,60.0,23,False,False,False,False
injected,0.5,60.0,24,True,False,False,False
injected,0.5,60.0,25,False,False,False,False
injected,0.5,60.0,26,True,False,False,False
injected,0.5,60.0,27,True,True,True,True
injected,0.5,60.0,28,True,True,True,True
injected,0.5,60.0,29,True,False,False,False
injected,0.5,60.0,30,True,False,False,False
injected,0.5,60.0,31,True,False,False,False
injected,0.5,60.0,32,True,False,False,False
injected,0.5,60.0,33,True,True,True,True
injected,0.5,60.0,34,True,False,False,False
injected,0.5,60.0,35,True,False,False,False
injected,0.5,60.0,36,True,False,False,False
injected,0.5,60.0,37,True,False,False,False
injected,0.5,60.0,38,True,True,True,True
injected,0.5,60.0,39,True,False,False,False
injected,0.5,60.0,40,True,True,True,True
injected,0.5,60.0,41,True,False,False,False
injected,0.5,60.0,42,True,True,True,True
injected,0.5,60.0,43,True,True,True,True
injected,0.5,60.0,44,True,False,False,False
injected,0.5,60.0,45,True,False,False,False
injected,0.5,60.0,46,True,True,True,True
injected,0.5,60.0,47,True,False,False,False
injected,0.5,60.0,48,True,False,False,False
injected,0.5,60.0,49,True,True,True,True
injected,1.0,15.0,0,True,True,True,True
injected,1.0,15.0,1,True,True,True,True
injected,1.0,15.0,2,True,True,True,True
injected,1.0,15.0,3,True,True,True,True
injected,1.0,15.0,4,True,True,True,True
injected,1.0,15.0,5,True,True,True,True
injected,1.0,15.0,6,True,True,True,True
injected,1.0,15.0,7,True,True,True,True
injected,1.0,15.0,8,True,True,True,True
injected,1.0,15.0,9,True,True,True,True
injected,1.0,15.0,10,True,True,True,True
injected,1.0,15.0,11,True,True,True,True
injected,1.0,15.0,12,True,True,True,True
injected,1.0,15.0,13,True,True,True,True
injected,1.0,15.0,14,True,True,True,True
injected,1.0,15.0,15,True,True,True,True
injected,1.0,15.0,16,True,True,True,True
injected,1.0,15.0,17,True,True,True,True
injected,1.0,15.0,18,True,True,True,True
injected,1.0,15.0,19,True,True,True,True
injected,1.0,15.0,20,True,True,True,True
injected,1.0,15.0,21,True,True,True,True
injected,1.0,15.0,22,True,True,True,True
injected,1.0,15.0,23,True,True,True,True
injected,1.0,15.0,24,True,True,True,True
injected,1.0,15.0,25,True,True,True,True
injected,1.0,15.0,26,True,True,True,True
injected,1.0,15.0,27,True,True,True,True
injected,1.0,15.0,28,True,True,True,True
injected,1.0,15.0,29,True,True,True,True
injected,1.0,15.0,30,True,True,True,True
injected,1.0,15.0,31,True,True,True,True
injected,1.0,15.0,32,True,True,True,True
injected,1.0,15.0,33,True,True,True,True
injected,1.0,15.0,34,True,True,True,True
injected,1.0,15.0,35,True,True,True,True
injected,1.0,15.0,36,True,True,True,True
injected,1.0,15.0,37,True,True,True,True
injected,1.0,15.0,38,True,True,True,True
injected,1.0,15.0,39,True,True,True,True
injected,1.0,15.0,40,True,True,True,True
injected,1.0,15.0,41,True,True,True,True
injected,1.0,15.0,42,True,True,True,True
injected,1.0,15.0,43,True,True,True,True
injected,1.0,15.0,44,True,True,True,True
injected,1.0,15.0,45,True,True,True,True
injected,1.0,15.0,46,True,True,True,True
injected,1.0,15.0,47,True,True,True,True
injected,1.0,15.0,48,True,True,True,True
injected,1.0,15.0,49,True,True,True,True
injected,1.0,30.0,0,True,True,True,True
injected,1.0,30.0,1,True,True,True,True
injected,1.0,30.0,2,True,True,True,True
injected,1.0,30.0,3,True,True,True,True
injected,1.0,30.0,4,True,True,True,True
injected,1.0,30.0,5,True,True,True,True
injected,1.0,30.0,6,True,True,True,True
injected,1.0,30.0,7,True,True,True,True
injected,1.0,30.0,8,True,True,True,True
injected,1.0,30.0,9,True,True,True,True
injected,1.0,30.0,10,True,True,True,True
injected,1.0,30.0,11,True,True,True,True
injected,1.0,30.0,12,True,True,True,True
injected,1.0,30.0,13,True,True,True,True
injected,1.0,30.0,14,True,True,True,True
injected,1.0,30.0,15,True,True,True,True
injected,1.0,30.0,16,True,True,True,True
injected,1.0,30.0,17,True,True,True,True
injected,1.0,30.0,18,True,True,True,True
injected,1.0,30.0,19,True,True,True,True
injected,1.0,30.0,20,True,True,True,True
injected,1.0,30.0,21,True,True,True,True
injected,1.0,30.0,22,True,True,True,True
injected,1.0,30.0,23,True,True,True,True
injected,1.0,30.0,24,True,True,True,True
injected,1.0,30.0,25,True,True,True,True
injected,1.0,30.0,26,True,True,True,True
injected,1.0,30.0,27,True,True,True,True
injected,1.0,30.0,28,True,True,True,True
injected,1.0,30.0,29,True,True,True,True
injected,1.0,30.0,30,True,True,True,True
injected,1.0,30.0,31,True,True,True,True
injected,1.0,30.0,32,True,True,True,True
injected,1.0,30.0,33,True,True,True,True
injected,1.0,30.0,34,True,True,True,True
injected,1.0,30.0,35,True,True,True,True
injected,1.0,30.0,36,True,True,True,True
injected,1.0,30.0,37,True,True,True,True
injected,1.0,30.0,38,True,True,True,True
injected,1.0,30.0,39,True,True,True,True
injected,1.0,30.0,40,True,True,True,True
injected,1.0,30.0,41,True,True,True,True
injected,1.0,30.0,42,True,True,True,True
injected,1.0,30.0,43,True,True,True,True
injected,1.0,30.0,44,True,True,True,True
injected,1.0,30.0,45,True,True,True,True
injected,1.0,30.0,46,True,True,True,True
injected,1.0,30.0,47,True,True,True,True
injected,1.0,30.0,48,True,True,True,True
injected,1.0,30.0,49,True,True,True,True
injected,1.0,60.0,0,True,True,True,True
injected,1.0,60.0,1,True,True,True,True
injected,1.0,60.0,2,True,True,True,True
injected,1.0,60.0,3,True,True,True,True
injected,1.0,60.0,4,True,True,True,True
injected,1.0,60.0,5,True,True,True,True
injected,1.0,60.0,6,True,True,True,True
injected,1.0,60.0,7,True,True,True,True
injected,1.0,60.0,8,True,True,True,True
injected,1.0,60.0,9,True,True,True,True
injected,1.0,60.0,10,True,False,False,False
injected,1.0,60.0,11,True,True,True,True
injected,1.0,60.0,12,True,True,True,True
injected,1.0,60.0,13,True,True,True,True
injected,1.0,60.0,14,True,True,True,True
injected,1.0,60.0,15,True,True,True,True
injected,1.0,60.0,16,True,True,True,True
injected,1.0,60.0,17,True,True,True,True
injected,1.0,60.0,18,True,True,True,True
injected,1.0,60.0,19,True,True,True,True
injected,1.0,60.0,20,True,True,True,True
injected,1.0,60.0,21,True,True,True,True
injected,1.0,60.0,22,True,True,True,True
injected,1.0,60.0,23,True,False,False,False
injected,1.0,60.0,24,True,True,True,True
injected,1.0,60.0,25,True,False,False,False
injected,1.0,60.0,26,True,True,True,True
injected,1.0,60.0,27,True,True,True,True
injected,1.0,60.0,28,True,True,True,True
injected,1.0,60.0,29,True,True,True,True
injected,1.0,60.0,30,True,True,True,True
injected,1.0,60.0,31,True,True,True,True
injected,1.0,60.0,32,True,True,True,True
injected,1.0,60.0,33,True,True,True,True
injected,1.0,60.0,34,True,True,True,True
injected,1.0,60.0,35,True,True,True,True
injected,1.0,60.0,36,True,True,True,True
injected,1.0,60.0,37,True,False,False,False
injected,1.0,60.0,38,True,True,True,True
injected,1.0,60.0,39,True,True,True,True
injected,1.0,60.0,40,True,True,True,True
injected,1.0,60.0,41,True,True,True,True
injected,1.0,60.0,42,True,True,True,True
injected,1.0,60.0,43,True,True,True,True
injected,1.0,60.0,44,True,True,True,True
injected,1.0,60.0,45,True,True,True,True
injected,1.0,60.0,46,True,True,True,True
injected,1.0,60.0,47,True,True,True,True
injected,1.0,60.0,48,True,True,True,True
injected,1.0,60.0,49,True,True,True,True
injected,1.5,15.0,0,True,True,True,True
injected,1.5,15.0,1,True,True,True,True
injected,1.5,15.0,2,True,True,True,True
injected,1.5,15.0,3,True,True,True,True
injected,1.5,15.0,4,True,True,True,True
injected,1.5,15.0,5,True,True,True,True
injected,1.5,15.0,6,True,True,True,True
injected,1.5,15.0,7,True,True,True,True
injected,1.5,15.0,8,True,True,True,True
injected,1.5,15.0,9,True,True,True,True
injected,1.5,15.0,10,True,True,True,True
injected,1.5,15.0,11,True,True,True,True
injected,1.5,15.0,12,True,True,True,True
injected,1.5,15.0,13,True,True,True,True
injected,1.5,15.0,14,True,True,True,True
injected,1.5,15.0,15,True,True,True,True
injected,1.5,15.0,16,True,True,True,True
injected,1.5,15.0,17,True,True,True,True
injected,1.5,15.0,18,True,True,True,True
injected,1.5,15.0,19,True,True,True,True
injected,1.5,15.0,20,True,True,True,True
injected,1.5,15.0,21,True,True,True,True
injected,1.5,15.0,22,True,True,True,True
injected,1.5,15.0,23,True,True,True,True
injected,1.5,15.0,24,True,True,True,True
injected,1.5,15.0,25,True,True,True,True
injected,1.5,15.0,26,True,True,True,True
injected,1.5,15.0,27,True,True,True,True
injected,1.5,15.0,28,True,True,True,True
injected,1.5,15.0,29,True,True,True,True
injected,1.5,15.0,30,True,True,True,True
injected,1.5,15.0,31,True,True,True,True
injected,1.5,15.0,32,True,True,True,True
injected,1.5,15.0,33,True,True,True,True
injected,1.5,15.0,34,True,True,True,True
injected,1.5,15.0,35,True,True,True,True
injected,1.5,15.0,36,True,True,True,True
injected,1.5,15.0,37,True,True,True,True
injected,1.5,15.0,38,True,True,True,True
injected,1.5,15.0,39,True,True,True,True
injected,1.5,15.0,40,True,True,True,True
injected,1.5,15.0,41,True,True,True,True
injected,1.5,15.0,42,True,True,True,True
injected,1.5,15.0,43,True,True,True,True
injected,1.5,15.0,44,True,True,True,True
injected,1.5,15.0,45,True,True,True,True
injected,1.5,15.0,46,True,True,True,True
injected,1.5,15.0,47,True,True,True,True
injected,1.5,15.0,48,True,True,True,True
injected,1.5,15.0,49,True,True,True,True
injected,1.5,30.0,0,True,True,True,True
injected,1.5,30.0,1,True,True,True,True
injected,1.5,30.0,2,True,True,True,True
injected,1.5,30.0,3,True,True,True,True
injected,1.5,30.0,4,True,True,True,True
injected,1.5,30.0,5,True,True,True,True
injected,1.5,30.0,6,True,True,True,True
injected,1.5,30.0,7,True,True,True,True
injected,1.5,30.0,8,True,True,True,True
injected,1.5,30.0,9,True,True,True,True
injected,1.5,30.0,10,True,True,True,True
injected,1.5,30.0,11,True,True,True,True
injected,1.5,30.0,12,True,True,True,True
injected,1.5,30.0,13,True,True,True,True
injected,1.5,30.0,14,True,True,True,True
injected,1.5,30.0,15,True,True,True,True
injected,1.5,30.0,16,True,True,True,True
injected,1.5,30.0,17,True,True,True,True
injected,1.5,30.0,18,True,True,True,True
injected,1.5,30.0,19,True,True,True,True
injected,1.5,30.0,20,True,True,True,True
injected,1.5,30.0,21,True,True,True,True
injected,1.5,30.0,22,True,True,True,True
injected,1.5,30.0,23,True,True,True,True
injected,1.5,30.0,24,True,True,True,True
injected,1.5,30.0,25,True,True,True,True
injected,1.5,30.0,26,True,True,True,True
injected,1.5,30.0,27,True,True,True,True
injected,1.5,30.0,28,True,True,True,True
injected,1.5,30.0,29,True,True,True,True
injected,1.5,30.0,30,True,True,True,True
injected,1.5,30.0,31,True,True,True,True
injected,1.5,30.0,32,True,True,True,True
injected,1.5,30.0,33,True,True,True,True
injected,1.5,30.0,34,True,True,True,True
injected,1.5,30.0,35,True,True,True,True
injected,1.5,30.0,36,True,True,True,True
injected,1.5,30.0,37,True,True,True,True
injected,1.5,30.0,38,True,True,True,True
injected,1.5,30.0,39,True,True,True,True
injected,1.5,30.0,40,True,True,True,True
injected,1.5,30.0,41,True,True,True,True
injected,1.5,30.0,42,True,True,True,True
injected,1.5,30.0,43,True,True,True,True
injected,1.5,30.0,44,True,True,True,True
injected,1.5,30.0,45,True,True,True,True
injected,1.5,30.0,46,True,True,True,True
injected,1.5,30.0,47,True,True,True,True
injected,1.5,30.0,48,True,True,True,True
injected,1.5,30.0,49,True,True,True,True
injected,1.5,60.0,0,True,True,True,True
injected,1.5,60.0,1,True,True,True,True
injected,1.5,60.0,2,True,True,True,True
injected,1.5,60.0,3,True,True,True,True
injected,1.5,60.0,4,True,True,True,True
injected,1.5,60.0,5,True,True,True,True
injected,1.5,60.0,6,True,True,True,True
injected,1.5,60.0,7,True,True,True,True
injected,1.5,60.0,8,True,True,True,True
injected,1.5,60.0,9,True,True,True,True
injected,1.5,60.0,10,True,False,False,False
injected,1.5,60.0,11,True,True,True,True
injected,1.5,60.0,12,True,True,True,True
injected,1.5,60.0,13,True,True,True,True
injected,1.5,60.0,14,True,True,True,True
injected,1.5,60.0,15,True,True,True,True
injected,1.5,60.0,16,True,True,True,True
injected,1.5,60.0,17,True,True,True,True
injected,1.5,60.0,18,True,True,True,True
injected,1.5,60.0,19,True,True,True,True
injected,1.5,60.0,20,True,True,True,True
injected,1.5,60.0,21,True,True,True,True
injected,1.5,60.0,22,True,True,True,True
injected,1.5,60.0,23,True,True,True,True
injected,1.5,60.0,24,True,True,True,True
injected,1.5,60.0,25,True,True,True,True
injected,1.5,60.0,26,True,True,True,True
injected,1.5,60.0,27,True,True,True,True
injected,1.5,60.0,28,True,True,True,True
injected,1.5,60.0,29,True,True,True,True
injected,1.5,60.0,30,True,True,True,True
injected,1.5,60.0,31,True,True,True,True
injected,1.5,60.0,32,True,True,True,True
injected,1.5,60.0,33,True,True,True,True
injected,1.5,60.0,34,True,True,True,True
injected,1.5,60.0,35,True,True,True,True
injected,1.5,60.0,36,True,True,True,True
injected,1.5,60.0,37,True,True,True,True
injected,1.5,60.0,38,True,True,True,True
injected,1.5,60.0,39,True,True,True,True
injected,1.5,60.0,40,True,True,True,True
injected,1.5,60.0,41,True,True,True,True
injected,1.5,60.0,42,True,True,True,True
injected,1.5,60.0,43,True,True,True,True
injected,1.5,60.0,44,True,True,True,True
injected,1.5,60.0,45,True,True,True,True
injected,1.5,60.0,46,True,True,True,True
injected,1.5,60.0,47,True,True,True,True
injected,1.5,60.0,48,True,True,True,True
injected,1.5,60.0,49,True,True,True,True
injected,2.0,15.0,0,True,True,True,True
injected,2.0,15.0,1,True,True,True,True
injected,2.0,15.0,2,True,True,True,True
injected,2.0,15.0,3,True,True,True,True
injected,2.0,15.0,4,True,True,True,True
injected,2.0,15.0,5,True,True,True,True
injected,2.0,15.0,6,True,True,True,True
injected,2.0,15.0,7,True,True,True,True
injected,2.0,15.0,8,True,True,True,True
injected,2.0,15.0,9,True,True,True,True
injected,2.0,15.0,10,True,True,True,True
injected,2.0,15.0,11,True,True,True,True
injected,2.0,15.0,12,True,True,True,True
injected,2.0,15.0,13,True,True,True,True
injected,2.0,15.0,14,True,True,True,True
injected,2.0,15.0,15,True,True,True,True
injected,2.0,15.0,16,True,True,True,True
injected,2.0,15.0,17,True,True,True,True
injected,2.0,15.0,18,True,True,True,True
injected,2.0,15.0,19,True,True,True,True
injected,2.0,15.0,20,True,True,True,True
injected,2.0,15.0,21,True,True,True,True
injected,2.0,15.0,22,True,True,True,True
injected,2.0,15.0,23,True,True,True,True
injected,2.0,15.0,24,True,True,True,True
injected,2.0,15.0,25,True,True,True,True
injected,2.0,15.0,26,True,True,True,True
injected,2.0,15.0,27,True,True,True,True
injected,2.0,15.0,28,True,True,True,True
injected,2.0,15.0,29,True,True,True,True
injected,2.0,15.0,30,True,True,True,True
injected,2.0,15.0,31,True,True,True,True
injected,2.0,15.0,32,True,True,True,True
injected,2.0,15.0,33,True,True,True,True
injected,2.0,15.0,34,True,True,True,True
injected,2.0,15.0,35,True,True,True,True
injected,2.0,15.0,36,True,True,True,True
injected,2.0,15.0,37,True,True,True,True
injected,2.0,15.0,38,True,True,True,True
injected,2.0,15.0,39,True,True,True,True
injected,2.0,15.0,40,True,True,True,True
injected,2.0,15.0,41,True,True,True,True
injected,2.0,15.0,42,True,True,True,True
injected,2.0,15.0,43,True,True,True,True
injected,2.0,15.0,44,True,True,True,True
injected,2.0,15.0,45,True,True,True,True
injected,2.0,15.0,46,True,True,True,True
injected,2.0,15.0,47,True,True,True,True
injected,2.0,15.0,48,True,True,True,True
injected,2.0,15.0,49,True,True,True,True
injected,2.0,30.0,0,True,True,True,True
injected,2.0,30.0,1,True,True,True,True
injected,2.0,30.0,2,True,True,True,True
injected,2.0,30.0,3,True,True,True,True
injected,2.0,30.0,4,True,True,True,True
injected,2.0,30.0,5,True,True,True,True
injected,2.0,30.0,6,True,True,True,True
injected,2.0,30.0,7,True,True,True,True
injected,2.0,30.0,8,True,True,True,True
injected,2.0,30.0,9,True,True,True,True
injected,2.0,30.0,10,True,True,True,True
injected,2.0,30.0,11,True,True,True,True
injected,2.0,30.0,12,True,True,True,True
injected,2.0,30.0,13,True,True,True,True
injected,2.0,30.0,14,True,True,True,True
injected,2.0,30.0,15,True,True,True,True
injected,2.0,30.0,16,True,True,True,True
injected,2.0,30.0,17,True,True,True,True
injected,2.0,30.0,18,True,True,True,True
injected,2.0,30.0,19,True,True,True,True
injected,2.0,30.0,20,True,True,True,True
injected,2.0,30.0,21,True,True,True,True
injected,2.0,30.0,22,True,True,True,True
injected,2.0,30.0,23,True,True,True,True
injected,2.0,30.0,24,True,True,True,True
injected,2.0,30.0,25,True,True,True,True
injected,2.0,30.0,26,True,True,True,True
injected,2.0,30.0,27,True,True,True,True
injected,2.0,30.0,28,True,True,True,True
injected,2.0,30.0,29,True,True,True,True
injected,2.0,30.0,30,True,True,True,True
injected,2.0,30.0,31,True,True,True,True
injected,2.0,30.0,32,True,True,True,True
injected,2.0,30.0,33,True,True,True,True
injected,2.0,30.0,34,True,True,True,True
injected,2.0,30.0,35,True,True,True,True
injected,2.0,30.0,36,True,True,True,True
injected,2.0,30.0,37,True,True,True,True
injected,2.0,30.0,38,True,True,True,True
injected,2.0,30.0,39,True,True,True,True
injected,2.0,30.0,40,True,True,True,True
injected,2.0,30.0,41,True,True,True,True
injected,2.0,30.0,42,True,True,True,True
injected,2.0,30.0,43,True,True,True,True
injected,2.0,30.0,44,True,True,True,True
injected,2.0,30.0,45,True,True,True,True
injected,2.0,30.0,46,True,True,True,True
injected,2.0,30.0,47,True,True,True,True
injected,2.0,30.0,48,True,True,True,True
injected,2.0,30.0,49,True,True,True,True
injected,2.0,60.0,0,True,True,True,True
injected,2.0,60.0,1,True,True,True,True
injected,2.0,60.0,2,True,True,True,True
injected,2.0,60.0,3,True,True,True,True
injected,2.0,60.0,4,True,True,True,True
injected,2.0,60.0,5,True,True,True,True
injected,2.0,60.0,6,True,True,True,True
injected,2.0,60.0,7,True,True,True,True
injected,2.0,60.0,8,True,True,True,True
injected,2.0,60.0,9,True,True,True,True
injected,2.0,60.0,10,True,False,False,False
injected,2.0,60.0,11,True,True,True,True
injected,2.0,60.0,12,True,True,True,True
injected,2.0,60.0,13,True,True,True,True
injected,2.0,60.0,14,True,True,True,True
injected,2.0,60.0,15,True,True,True,True
injected,2.0,60.0,16,True,True,True,True
injected,2.0,60.0,17,True,True,True,True
injected,2.0,60.0,18,True,True,True,True
injected,2.0,60.0,19,True,True,True,True
injected,2.0,60.0,20,True,True,True,True
injected,2.0,60.0,21,True,True,True,True
injected,2.0,60.0,22,True,True,True,True
injected,2.0,60.0,23,True,True,True,True
injected,2.0,60.0,24,True,True,True,True
injected,2.0,60.0,25,True,True,True,True
injected,2.0,60.0,26,True,True,True,True
injected,2.0,60.0,27,True,True,True,True
injected,2.0,60.0,28,True,True,True,True
injected,2.0,60.0,29,True,True,True,True
injected,2.0,60.0,30,True,True,True,True
injected,2.0,60.0,31,True,True,True,True
injected,2.0,60.0,32,True,True,True,True
injected,2.0,60.0,33,True,True,True,True
injected,2.0,60.0,34,True,True,True,True
injected,2.0,60.0,35,True,True,True,True
injected,2.0,60.0,36,True,True,True,True
injected,2.0,60.0,37,True,True,True,True
injected,2.0,60.0,38,True,True,True,True
injected,2.0,60.0,39,True,True,True,True
injected,2.0,60.0,40,True,True,True,True
injected,2.0,60.0,41,True,True,True,True
injected,2.0,60.0,42,True,True,True,True
injected,2.0,60.0,43,True,True,True,True
injected,2.0,60.0,44,True,True,True,True
injected,2.0,60.0,45,True,True,True,True
injected,2.0,60.0,46,True,True,True,True
injected,2.0,60.0,47,True,True,True,True
injected,2.0,60.0,48,True,True,True,True
injected,2.0,60.0,49,True,True,True,True
null_shift,0.0,,0,False,False,False,False
null_shift,0.0,,1,False,False,False,False
null_shift,0.0,,2,False,False,False,False
null_shift,0.0,,3,False,False,False,False
null_shift,0.0,,4,False,False,False,False
null_shift,0.0,,5,False,False,False,False
null_shift,0.0,,6,False,False,False,False
null_shift,0.0,,7,True,True,True,True
null_shift,0.0,,8,True,False,False,False
null_shift,0.0,,9,False,False,False,False
null_shift,0.0,,10,False,False,False,False
null_shift,0.0,,11,False,False,False,False
null_shift,0.0,,12,False,False,False,False
null_shift,0.0,,13,False,False,False,False
null_shift,0.0,,14,False,False,False,False
null_shift,0.0,,15,False,False,False,False
null_shift,0.0,,16,False,False,False,False
null_shift,0.0,,17,False,False,False,False
null_shift,0.0,,18,False,False,False,False
null_shift,0.0,,19,False,False,False,False
null_shift,0.0,,20,True,False,False,False
null_shift,0.0,,21,False,False,False,False
null_shift,0.0,,22,False,False,False,False
null_shift,0.0,,23,False,False,False,False
null_shift,0.0,,24,False,False,False,False
null_shift,0.0,,25,False,False,False,False
null_shift,0.0,,26,False,False,False,False
null_shift,0.0,,27,False,False,False,False
null_shift,0.0,,28,False,False,False,False
null_shift,0.0,,29,False,False,False,False
null_shift,0.0,,30,False,False,False,False
null_shift,0.0,,31,False,False,False,False
null_shift,0.0,,32,False,False,False,False
null_shift,0.0,,33,False,False,False,False
null_shift,0.0,,34,False,False,False,False
null_shift,0.0,,35,False,False,False,False
null_shift,0.0,,36,False,False,False,False
null_shift,0.0,,37,False,False,False,False
null_shift,0.0,,38,False,False,False,False
null_shift,0.0,,39,False,False,False,False
null_shift,0.0,,40,False,False,False,False
null_shift,0.0,,41,False,False,False,False
null_shift,0.0,,42,True,True,True,True
null_shift,0.0,,43,True,False,False,False
null_shift,0.0,,44,False,False,False,False
null_shift,0.0,,45,False,False,False,False
null_shift,0.0,,46,False,False,False,False
null_shift,0.0,,47,False,False,False,False
null_shift,0.0,,48,False,False,False,False
null_shift,0.0,,49,False,False,False,False
null_shift,0.0,,50,False,False,False,False
null_shift,0.0,,51,False,False,False,False
null_shift,0.0,,52,False,False,False,False
null_shift,0.0,,53,False,False,False,False
null_shift,0.0,,54,True,True,True,True
null_shift,0.0,,55,False,False,False,False
null_shift,0.0,,56,False,False,False,False
null_shift,0.0,,57,False,False,False,False
null_shift,0.0,,58,False,False,False,False
null_shift,0.0,,59,False,False,False,False
null_shift,0.0,,60,False,False,False,False
null_shift,0.0,,61,False,False,False,False
null_shift,0.0,,62,False,False,False,False
null_shift,0.0,,63,False,False,False,False
null_shift,0.0,,64,False,False,False,False
null_shift,0.0,,65,False,False,False,False
null_shift,0.0,,66,False,False,False,False
null_shift,0.0,,67,False,False,False,False
null_shift,0.0,,68,False,False,False,False
null_shift,0.0,,69,False,False,False,False
null_shift,0.0,,70,False,False,False,False
null_shift,0.0,,71,False,False,False,False
null_shift,0.0,,72,False,False,False,False
null_shift,0.0,,73,False,False,False,False
null_shift,0.0,,74,False,False,False,False
null_shift,0.0,,75,False,False,False,False
null_shift,0.0,,76,False,False,False,False
null_shift,0.0,,77,False,False,False,False
null_shift,0.0,,78,False,False,False,False
null_shift,0.0,,79,True,True,True,True
null_shift,0.0,,80,False,False,False,False
null_shift,0.0,,81,False,False,False,False
null_shift,0.0,,82,True,False,False,False
null_shift,0.0,,83,False,False,False,False
null_shift,0.0,,84,False,False,False,False
null_shift,0.0,,85,False,False,False,False
null_shift,0.0,,86,False,False,False,False
null_shift,0.0,,87,False,False,False,False
null_shift,0.0,,88,False,False,False,False
null_shift,0.0,,89,False,False,False,False
null_shift,0.0,,90,False,False,False,False
null_shift,0.0,,91,False,False,False,False
null_shift,0.0,,92,False,False,False,False
null_shift,0.0,,93,False,False,False,False
null_shift,0.0,,94,False,False,False,False
null_shift,0.0,,95,False,False,False,False
null_shift,0.0,,96,False,False,False,False
null_shift,0.0,,97,False,False,False,False
null_shift,0.0,,98,False,False,False,False
null_shift,0.0,,99,False,False,False,False
null_shift,0.0,,100,False,False,False,False
null_shift,0.0,,101,False,False,False,False
null_shift,0.0,,102,False,False,False,False
null_shift,0.0,,103,False,False,False,False
null_shift,0.0,,104,False,False,False,False
null_shift,0.0,,105,False,False,False,False
null_shift,0.0,,106,True,True,True,True
null_shift,0.0,,107,False,False,False,False
null_shift,0.0,,108,True,False,False,False
null_shift,0.0,,109,True,False,False,False
null_shift,0.0,,110,False,False,False,False
null_shift,0.0,,111,True,False,False,False
null_shift,0.0,,112,False,False,False,False
null_shift,0.0,,113,False,False,False,False
null_shift,0.0,,114,False,False,False,False
null_shift,0.0,,115,False,False,False,False
null_shift,0.0,,116,False,False,False,False
null_shift,0.0,,117,False,False,False,False
null_shift,0.0,,118,False,False,False,False
null_shift,0.0,,119,False,False,False,False
null_shift,0.0,,120,False,False,False,False
null_shift,0.0,,121,False,False,False,False
null_shift,0.0,,122,False,False,False,False
null_shift,0.0,,123,False,False,False,False
null_shift,0.0,,124,True,False,False,False
null_shift,0.0,,125,False,False,False,False
null_shift,0.0,,126,False,False,False,False
null_shift,0.0,,127,False,False,False,False
null_shift,0.0,,128,False,False,False,False
null_shift,0.0,,129,False,False,False,False
null_shift,0.0,,130,False,False,False,False
null_shift,0.0,,131,False,False,False,False
null_shift,0.0,,132,True,True,True,True
null_shift,0.0,,133,False,False,False,False
null_shift,0.0,,134,False,False,False,False
null_shift,0.0,,135,False,False,False,False
null_shift,0.0,,136,False,False,False,False
null_shift,0.0,,137,False,False,False,False
null_shift,0.0,,138,True,True,True,True
null_shift,0.0,,139,False,False,False,False
null_shift,0.0,,140,False,False,False,False
null_shift,0.0,,141,False,False,False,False
null_shift,0.0,,142,True,False,False,False
null_shift,0.0,,143,False,False,False,False
null_shift,0.0,,144,False,False,False,False
null_shift,0.0,,145,False,False,False,False
null_shift,0.0,,146,False,False,False,False
null_shift,0.0,,147,False,False,False,False
null_shift,0.0,,148,False,False,False,False
null_shift,0.0,,149,False,False,False,False
null_shift,0.0,,150,False,False,False,False
null_shift,0.0,,151,False,False,False,False
null_shift,0.0,,152,False,False,False,False
null_shift,0.0,,153,False,False,False,False
null_shift,0.0,,154,False,False,False,False
null_shift,0.0,,155,False,False,False,False
null_shift,0.0,,156,False,False,False,False
null_shift,0.0,,157,True,True,True,True
null_shift,0.0,,158,False,False,False,False
null_shift,0.0,,159,False,False,False,False
null_shift,0.0,,160,False,False,False,False
null_shift,0.0,,161,False,False,False,False
null_shift,0.0,,162,False,False,False,False
null_shift,0.0,,163,False,False,False,False
null_shift,0.0,,164,False,False,False,False
null_shift,0.0,,165,False,False,False,False
null_shift,0.0,,166,False,False,False,False
null_shift,0.0,,167,False,False,False,False
null_shift,0.0,,168,False,False,False,False
null_shift,0.0,,169,False,False,False,False
null_shift,0.0,,170,False,False,False,False
null_shift,0.0,,171,False,False,False,False
null_shift,0.0,,172,False,False,False,False
null_shift,0.0,,173,False,False,False,False
null_shift,0.0,,174,False,False,False,False
null_shift,0.0,,175,False,False,False,False
null_shift,0.0,,176,False,False,False,False
null_shift,0.0,,177,True,False,False,False
null_shift,0.0,,178,False,False,False,False
null_shift,0.0,,179,False,False,False,False
null_shift,0.0,,180,False,False,False,False
null_shift,0.0,,181,False,False,False,False
null_shift,0.0,,182,False,False,False,False
null_shift,0.0,,183,False,False,False,False
null_shift,0.0,,184,False,False,False,False
null_shift,0.0,,185,False,False,False,False
null_shift,0.0,,186,False,False,False,False
null_shift,0.0,,187,False,False,False,False
null_shift,0.0,,188,False,False,False,False
null_shift,0.0,,189,False,False,False,False
null_shift,0.0,,190,False,False,False,False
null_shift,0.0,,191,False,False,False,False
null_shift,0.0,,192,False,False,False,False
null_shift,0.0,,193,False,False,False,False
null_shift,0.0,,194,True,True,True,True
null_shift,0.0,,195,False,False,False,False
null_shift,0.0,,196,False,False,False,False
null_shift,0.0,,197,False,False,False,False
null_shift,0.0,,198,False,False,False,False
null_shift,0.0,,199,False,False,False,False
