quantile,refractory_min,valid_driver_count,max_identifiable_driver_count,min_events_selected,median_events_selected,selected_drivers
0.975,240,11,5,13,25.0,cu01_local_hum_avg_pct__rise;cu01_local_hum_avg_pct__fall;sj01_local_hum_avg_pct__fall;sj01_local_press_hpa__rise;sj01_local_press_hpa__fall
0.975,360,9,5,12,23.0,cu01_local_temp_avg_c__fall;cu01_local_hum_avg_pct__rise;cu01_local_hum_avg_pct__fall;sj01_local_hum_avg_pct__fall;sj01_local_press_hpa__rise
0.975,300,10,5,12,17.0,cu01_local_temp_avg_c__rise;cu01_local_temp_avg_c__fall;cu01_local_hum_avg_pct__rise;sj01_local_press_hpa__rise;sj01_local_press_hpa__fall
0.85,360,12,4,23,28.0,cu01_local_temp_avg_c__rise;sj01_local_temp_avg_c__fall;sj01_local_hum_avg_pct__fall;sj01_local_press_hpa__rise
0.9,360,12,4,21,26.0,cu01_local_temp_avg_c__rise;cu01_local_temp_avg_c__fall;cu01_local_hum_avg_pct__rise;sj01_local_wind_speed_ms__rise
0.925,360,12,4,21,22.0,sj01_local_hum_avg_pct__rise;sj01_local_hum_avg_pct__fall;sj01_local_press_hpa__rise;sj01_local_press_hpa__fall
0.925,300,12,4,20,27.0,sj01_local_temp_avg_c__rise;sj01_local_hum_avg_pct__rise;sj01_local_press_hpa__rise;sj01_local_wind_speed_ms__rise
0.95,300,12,4,17,23.5,cu01_local_temp_avg_c__rise;cu01_local_hum_avg_pct__rise;sj01_local_temp_avg_c__fall;sj01_local_press_hpa__rise
0.95,360,12,4,17,19.5,sj01_local_hum_avg_pct__rise;sj01_local_hum_avg_pct__fall;sj01_local_press_hpa__rise;sj01_local_press_hpa__fall
0.85,180,12,3,35,44.0,cu01_local_temp_avg_c__rise;sj01_local_press_hpa__rise;sj01_local_press_hpa__fall
0.925,240,12,3,29,36.0,cu01_local_hum_avg_pct__fall;sj01_local_hum_avg_pct__fall;sj01_local_press_hpa__rise
0.95,180,12,3,26,39.0,cu01_local_hum_avg_pct__rise;sj01_local_temp_avg_c__rise;sj01_local_press_hpa__rise
0.85,300,12,3,25,32.0,cu01_local_temp_avg_c__rise;sj01_local_temp_avg_c__fall;sj01_local_press_hpa__rise
0.9,300,12,3,21,24.0,cu01_local_temp_avg_c__rise;sj01_local_temp_avg_c__fall;sj01_local_press_hpa__rise
0.95,240,12,3,19,20.0,cu01_local_temp_avg_c__rise;sj01_local_temp_avg_c__fall;sj01_local_press_hpa__rise
0.975,180,12,3,18,30.0,cu01_local_hum_avg_pct__rise;sj01_local_temp_avg_c__rise;sj01_local_press_hpa__rise
0.9,180,12,2,37,40.0,cu01_local_temp_avg_c__fall;sj01_local_hum_avg_pct__fall
0.925,180,12,2,29,38.5,cu01_local_hum_avg_pct__rise;sj01_local_temp_avg_c__rise
0.85,240,12,2,29,32.0,cu01_local_temp_avg_c__rise;sj01_local_temp_avg_c__fall
0.9,240,12,2,25,28.0,cu01_local_temp_avg_c__rise;cu01_local_temp_avg_c__fall
