quantile,refractory_min,driver,events,in_max_identifiable_set
0.85,180,cu01_local_temp_avg_c__rise,35,True
0.85,180,cu01_local_temp_avg_c__fall,47,False
0.85,180,cu01_local_hum_avg_pct__rise,61,False
0.85,180,cu01_local_hum_avg_pct__fall,61,False
0.85,180,sj01_local_temp_avg_c__rise,40,False
0.85,180,sj01_local_temp_avg_c__fall,45,False
0.85,180,sj01_local_hum_avg_pct__rise,46,False
0.85,180,sj01_local_hum_avg_pct__fall,48,False
0.85,180,sj01_local_press_hpa__rise,50,True
0.85,180,sj01_local_press_hpa__fall,44,True
0.85,180,sj01_local_wind_speed_ms__rise,61,False
0.85,180,sj01_local_wind_speed_ms__fall,62,False
0.85,240,cu01_local_temp_avg_c__rise,29,True
0.85,240,cu01_local_temp_avg_c__fall,40,False
0.85,240,cu01_local_hum_avg_pct__rise,50,False
0.85,240,cu01_local_hum_avg_pct__fall,48,False
0.85,240,sj01_local_temp_avg_c__rise,31,False
0.85,240,sj01_local_temp_avg_c__fall,35,True
0.85,240,sj01_local_hum_avg_pct__rise,38,False
0.85,240,sj01_local_hum_avg_pct__fall,39,False
0.85,240,sj01_local_press_hpa__rise,43,False
0.85,240,sj01_local_press_hpa__fall,34,False
0.85,240,sj01_local_wind_speed_ms__rise,51,False
0.85,240,sj01_local_wind_speed_ms__fall,50,False
0.85,300,cu01_local_temp_avg_c__rise,25,True
0.85,300,cu01_local_temp_avg_c__fall,35,False
0.85,300,cu01_local_hum_avg_pct__rise,42,False
0.85,300,cu01_local_hum_avg_pct__fall,40,False
0.85,300,sj01_local_temp_avg_c__rise,27,False
0.85,300,sj01_local_temp_avg_c__fall,32,True
0.85,300,sj01_local_hum_avg_pct__rise,33,False
0.85,300,sj01_local_hum_avg_pct__fall,33,False
0.85,300,sj01_local_press_hpa__rise,38,True
0.85,300,sj01_local_press_hpa__fall,30,False
0.85,300,sj01_local_wind_speed_ms__rise,41,False
0.85,300,sj01_local_wind_speed_ms__fall,42,False
0.85,360,cu01_local_temp_avg_c__rise,23,True
0.85,360,cu01_local_temp_avg_c__fall,30,False
0.85,360,cu01_local_hum_avg_pct__rise,35,False
0.85,360,cu01_local_hum_avg_pct__fall,35,False
0.85,360,sj01_local_temp_avg_c__rise,24,False
0.85,360,sj01_local_temp_avg_c__fall,28,True
0.85,360,sj01_local_hum_avg_pct__rise,26,False
0.85,360,sj01_local_hum_avg_pct__fall,28,True
0.85,360,sj01_local_press_hpa__rise,28,True
0.85,360,sj01_local_press_hpa__fall,28,False
0.85,360,sj01_local_wind_speed_ms__rise,35,False
0.85,360,sj01_local_wind_speed_ms__fall,35,False
0.9,180,cu01_local_temp_avg_c__rise,29,False
0.9,180,cu01_local_temp_avg_c__fall,37,True
0.9,180,cu01_local_hum_avg_pct__rise,51,False
0.9,180,cu01_local_hum_avg_pct__fall,54,False
0.9,180,sj01_local_temp_avg_c__rise,34,False
0.9,180,sj01_local_temp_avg_c__fall,35,False
0.9,180,sj01_local_hum_avg_pct__rise,40,False
0.9,180,sj01_local_hum_avg_pct__fall,43,True
0.9,180,sj01_local_press_hpa__rise,45,False
0.9,180,sj01_local_press_hpa__fall,35,False
0.9,180,sj01_local_wind_speed_ms__rise,51,False
0.9,180,sj01_local_wind_speed_ms__fall,57,False
0.9,240,cu01_local_temp_avg_c__rise,25,True
0.9,240,cu01_local_temp_avg_c__fall,31,True
0.9,240,cu01_local_hum_avg_pct__rise,43,False
0.9,240,cu01_local_hum_avg_pct__fall,43,False
0.9,240,sj01_local_temp_avg_c__rise,26,False
0.9,240,sj01_local_temp_avg_c__fall,25,False
0.9,240,sj01_local_hum_avg_pct__rise,32,False
0.9,240,sj01_local_hum_avg_pct__fall,36,False
0.9,240,sj01_local_press_hpa__rise,36,False
0.9,240,sj01_local_press_hpa__fall,30,False
0.9,240,sj01_local_wind_speed_ms__rise,43,False
0.9,240,sj01_local_wind_speed_ms__fall,44,False
0.9,300,cu01_local_temp_avg_c__rise,21,True
0.9,300,cu01_local_temp_avg_c__fall,27,False
0.9,300,cu01_local_hum_avg_pct__rise,39,False
0.9,300,cu01_local_hum_avg_pct__fall,38,False
0.9,300,sj01_local_temp_avg_c__rise,23,False
0.9,300,sj01_local_temp_avg_c__fall,24,True
0.9,300,sj01_local_hum_avg_pct__rise,29,False
0.9,300,sj01_local_hum_avg_pct__fall,31,False
0.9,300,sj01_local_press_hpa__rise,32,True
0.9,300,sj01_local_press_hpa__fall,27,False
0.9,300,sj01_local_wind_speed_ms__rise,36,False
0.9,300,sj01_local_wind_speed_ms__fall,38,False
0.9,360,cu01_local_temp_avg_c__rise,21,True
0.9,360,cu01_local_temp_avg_c__fall,23,True
0.9,360,cu01_local_hum_avg_pct__rise,29,True
0.9,360,cu01_local_hum_avg_pct__fall,34,False
0.9,360,sj01_local_temp_avg_c__rise,21,False
0.9,360,sj01_local_temp_avg_c__fall,23,False
0.9,360,sj01_local_hum_avg_pct__rise,24,False
0.9,360,sj01_local_hum_avg_pct__fall,27,False
0.9,360,sj01_local_press_hpa__rise,28,False
0.9,360,sj01_local_press_hpa__fall,24,False
0.9,360,sj01_local_wind_speed_ms__rise,30,True
0.9,360,sj01_local_wind_speed_ms__fall,34,False
0.925,180,cu01_local_temp_avg_c__rise,28,False
0.925,180,cu01_local_temp_avg_c__fall,27,False
0.925,180,cu01_local_hum_avg_pct__rise,48,True
0.925,180,cu01_local_hum_avg_pct__fall,51,False
0.925,180,sj01_local_temp_avg_c__rise,29,True
0.925,180,sj01_local_temp_avg_c__fall,29,False
0.925,180,sj01_local_hum_avg_pct__rise,32,False
0.925,180,sj01_local_hum_avg_pct__fall,36,False
0.925,180,sj01_local_press_hpa__rise,43,False
0.925,180,sj01_local_press_hpa__fall,31,False
0.925,180,sj01_local_wind_speed_ms__rise,46,False
0.925,180,sj01_local_wind_speed_ms__fall,51,False
0.925,240,cu01_local_temp_avg_c__rise,25,False
0.925,240,cu01_local_temp_avg_c__fall,22,False
0.925,240,cu01_local_hum_avg_pct__rise,43,False
0.925,240,cu01_local_hum_avg_pct__fall,41,True
0.925,240,sj01_local_temp_avg_c__rise,21,False
0.925,240,sj01_local_temp_avg_c__fall,21,False
0.925,240,sj01_local_hum_avg_pct__rise,25,False
0.925,240,sj01_local_hum_avg_pct__fall,29,True
0.925,240,sj01_local_press_hpa__rise,36,True
0.925,240,sj01_local_press_hpa__fall,28,False
0.925,240,sj01_local_wind_speed_ms__rise,37,False
0.925,240,sj01_local_wind_speed_ms__fall,40,False
0.925,300,cu01_local_temp_avg_c__rise,21,False
0.925,300,cu01_local_temp_avg_c__fall,20,False
0.925,300,cu01_local_hum_avg_pct__rise,36,False
0.925,300,cu01_local_hum_avg_pct__fall,36,False
0.925,300,sj01_local_temp_avg_c__rise,20,True
0.925,300,sj01_local_temp_avg_c__fall,19,False
0.925,300,sj01_local_hum_avg_pct__rise,24,True
0.925,300,sj01_local_hum_avg_pct__fall,25,False
0.925,300,sj01_local_press_hpa__rise,30,True
0.925,300,sj01_local_press_hpa__fall,26,False
0.925,300,sj01_local_wind_speed_ms__rise,31,True
0.925,300,sj01_local_wind_speed_ms__fall,35,False
0.925,360,cu01_local_temp_avg_c__rise,21,False
0.925,360,cu01_local_temp_avg_c__fall,17,False
0.925,360,cu01_local_hum_avg_pct__rise,29,False
0.925,360,cu01_local_hum_avg_pct__fall,30,False
0.925,360,sj01_local_temp_avg_c__rise,20,False
0.925,360,sj01_local_temp_avg_c__fall,19,False
0.925,360,sj01_local_hum_avg_pct__rise,21,True
0.925,360,sj01_local_hum_avg_pct__fall,22,True
0.925,360,sj01_local_press_hpa__rise,28,True
0.925,360,sj01_local_press_hpa__fall,22,True
0.925,360,sj01_local_wind_speed_ms__rise,29,False
0.925,360,sj01_local_wind_speed_ms__fall,30,False
0.95,180,cu01_local_temp_avg_c__rise,24,False
0.95,180,cu01_local_temp_avg_c__fall,21,False
0.95,180,cu01_local_hum_avg_pct__rise,42,True
0.95,180,cu01_local_hum_avg_pct__fall,43,False
0.95,180,sj01_local_temp_avg_c__rise,26,True
0.95,180,sj01_local_temp_avg_c__fall,22,False
0.95,180,sj01_local_hum_avg_pct__rise,28,False
0.95,180,sj01_local_hum_avg_pct__fall,31,False
0.95,180,sj01_local_press_hpa__rise,39,True
0.95,180,sj01_local_press_hpa__fall,24,False
0.95,180,sj01_local_wind_speed_ms__rise,39,False
0.95,180,sj01_local_wind_speed_ms__fall,38,False
0.95,240,cu01_local_temp_avg_c__rise,20,True
0.95,240,cu01_local_temp_avg_c__fall,19,False
0.95,240,cu01_local_hum_avg_pct__rise,37,False
0.95,240,cu01_local_hum_avg_pct__fall,35,False
0.95,240,sj01_local_temp_avg_c__rise,19,False
0.95,240,sj01_local_temp_avg_c__fall,19,True
0.95,240,sj01_local_hum_avg_pct__rise,22,False
0.95,240,sj01_local_hum_avg_pct__fall,24,False
0.95,240,sj01_local_press_hpa__rise,33,True
0.95,240,sj01_local_press_hpa__fall,23,False
0.95,240,sj01_local_wind_speed_ms__rise,30,False
0.95,240,sj01_local_wind_speed_ms__fall,35,False
0.95,300,cu01_local_temp_avg_c__rise,19,True
0.95,300,cu01_local_temp_avg_c__fall,17,False
0.95,300,cu01_local_hum_avg_pct__rise,32,True
0.95,300,cu01_local_hum_avg_pct__fall,31,False
0.95,300,sj01_local_temp_avg_c__rise,17,False
0.95,300,sj01_local_temp_avg_c__fall,17,True
0.95,300,sj01_local_hum_avg_pct__rise,21,False
0.95,300,sj01_local_hum_avg_pct__fall,22,False
0.95,300,sj01_local_press_hpa__rise,28,True
0.95,300,sj01_local_press_hpa__fall,22,False
0.95,300,sj01_local_wind_speed_ms__rise,28,False
0.95,300,sj01_local_wind_speed_ms__fall,28,False
0.95,360,cu01_local_temp_avg_c__rise,19,False
0.95,360,cu01_local_temp_avg_c__fall,16,False
0.95,360,cu01_local_hum_avg_pct__rise,26,False
0.95,360,cu01_local_hum_avg_pct__fall,29,False
0.95,360,sj01_local_temp_avg_c__rise,17,False
0.95,360,sj01_local_temp_avg_c__fall,16,False
0.95,360,sj01_local_hum_avg_pct__rise,18,True
0.95,360,sj01_local_hum_avg_pct__fall,21,True
0.95,360,sj01_local_press_hpa__rise,27,True
0.95,360,sj01_local_press_hpa__fall,17,True
0.95,360,sj01_local_wind_speed_ms__rise,26,False
0.95,360,sj01_local_wind_speed_ms__fall,25,False
0.975,180,cu01_local_temp_avg_c__rise,18,False
0.975,180,cu01_local_temp_avg_c__fall,14,False
0.975,180,cu01_local_hum_avg_pct__rise,32,True
0.975,180,cu01_local_hum_avg_pct__fall,30,False
0.975,180,sj01_local_temp_avg_c__rise,18,True
0.975,180,sj01_local_temp_avg_c__fall,16,False
0.975,180,sj01_local_hum_avg_pct__rise,15,False
0.975,180,sj01_local_hum_avg_pct__fall,22,False
0.975,180,sj01_local_press_hpa__rise,30,True
0.975,180,sj01_local_press_hpa__fall,16,False
0.975,180,sj01_local_wind_speed_ms__rise,28,False
0.975,180,sj01_local_wind_speed_ms__fall,26,False
0.975,240,cu01_local_temp_avg_c__rise,17,False
0.975,240,cu01_local_temp_avg_c__fall,13,False
0.975,240,cu01_local_hum_avg_pct__rise,28,True
0.975,240,cu01_local_hum_avg_pct__fall,25,True
0.975,240,sj01_local_temp_avg_c__rise,15,False
0.975,240,sj01_local_temp_avg_c__fall,13,False
0.975,240,sj01_local_hum_avg_pct__rise,11,False
0.975,240,sj01_local_hum_avg_pct__fall,19,True
0.975,240,sj01_local_press_hpa__rise,26,True
0.975,240,sj01_local_press_hpa__fall,13,True
0.975,240,sj01_local_wind_speed_ms__rise,22,False
0.975,240,sj01_local_wind_speed_ms__fall,24,False
0.975,300,cu01_local_temp_avg_c__rise,17,True
0.975,300,cu01_local_temp_avg_c__fall,12,True
0.975,300,cu01_local_hum_avg_pct__rise,25,True
0.975,300,cu01_local_hum_avg_pct__fall,25,False
0.975,300,sj01_local_temp_avg_c__rise,13,False
0.975,300,sj01_local_temp_avg_c__fall,11,False
0.975,300,sj01_local_hum_avg_pct__rise,11,False
0.975,300,sj01_local_hum_avg_pct__fall,19,False
0.975,300,sj01_local_press_hpa__rise,24,True
0.975,300,sj01_local_press_hpa__fall,12,True
0.975,300,sj01_local_wind_speed_ms__rise,21,False
0.975,300,sj01_local_wind_speed_ms__fall,21,False
0.975,360,cu01_local_temp_avg_c__rise,16,False
0.975,360,cu01_local_temp_avg_c__fall,12,True
0.975,360,cu01_local_hum_avg_pct__rise,23,True
0.975,360,cu01_local_hum_avg_pct__fall,24,True
0.975,360,sj01_local_temp_avg_c__rise,12,False
0.975,360,sj01_local_temp_avg_c__fall,11,False
0.975,360,sj01_local_hum_avg_pct__rise,11,False
0.975,360,sj01_local_hum_avg_pct__fall,18,True
0.975,360,sj01_local_press_hpa__rise,24,True
0.975,360,sj01_local_press_hpa__fall,11,False
0.975,360,sj01_local_wind_speed_ms__rise,20,False
0.975,360,sj01_local_wind_speed_ms__fall,17,False
