variable,n_valid,n_ff64,mean_valid,mean_ff64,median_valid,median_ff64,smd_ff64_minus_valid,mannwhitney_p
temp_avg_C,5600,2869,19.531042857142857,19.57726734053677,18.6,18.66,0.012390451210430618,0.6723628259376679
hum_avg_pct,5600,2869,57.94408928571429,57.877009410944574,61.1,61.01,-0.005677341754929889,0.7768620822449388
pres_avg_hPa,5600,2869,741.2983839285714,741.3095991634715,741.49,741.5,0.008699774111271721,0.6545055551296912
rain_1min_mm,5600,2869,0.0,0.0,0.0,0.0,,1.0
rain_1h_mm,5600,2869,0.0,0.0,0.0,0.0,,1.0
nasa_sj_temp_c,3833,1929,17.105828332898508,17.151207879730432,15.56,15.75,0.013834203713742837,0.9069131200411185
nasa_sj_dewpoint_c,3833,1929,12.845590920949647,12.83864696734059,13.14,13.1,-0.00923540284967196,0.36007866843270575
nasa_sj_rh_pct,3833,1929,78.13238194625619,77.88491446345256,86.88,86.88,-0.014807863598300951,0.9288372129883643
nasa_sj_precip_mm,3833,1929,0.02070060440038264,0.020006696042854676,0.01375,0.012916666666666667,-0.03044667642121094,0.6368758741896671
nasa_sj_press_hpa,3833,1929,767.4330289590399,767.4343182996372,767.4,767.5,0.0012697460608383534,0.9625267966523419
nasa_sj_wind10m_ms,3833,1929,1.4611244456039656,1.4679263867288752,1.1,1.1,0.006438076898498152,0.9503838338286442
snr_dl,5702,2930,21.91634514205542,21.9320819112628,22.0,22.0,0.0076460685676570704,0.782039590108914
snr_ul,5702,2930,15.487723605752368,15.425255972696245,18.0,18.0,-0.00897448584152861,0.9252917728290181
sta_dl_rssi,5702,2930,-77.56296036478429,-77.52764505119454,-77.0,-77.0,0.014080559488212132,0.8827015463184564
mcs_dl,5702,2930,159.4119607155384,160.12116040955632,201.0,201.0,0.014441941851279437,0.5415219931469721
mcs_ul,5702,2930,139.97632409680813,141.14266211604095,102.0,102.0,0.023741529404817215,0.326601146677572
dl_rate,5702,2930,111.48772360575236,112.23720136518772,103.0,103.0,0.0118336997307873,0.41862549575618135
dl_rssi_dbm,5671,2918,-77.56727208605184,-77.58122001370802,-77.0,-77.0,-0.007522885946013694,0.8026235475883878
dl_snr_db,5671,2918,21.931581731616998,21.920150788211103,22.0,22.0,-0.00577411509166194,0.8061233838435057
dl_mcs,5671,2918,157.95609239992947,158.7710760795065,201.0,201.0,0.01653604456781099,0.5811150853220589
ul_mcs,5671,2918,139.9590901075648,140.83241946538726,102.0,102.0,0.01782337811141091,0.6217988601905914
tx_quality_pct,5671,2918,99.40045847293247,99.45167923235093,100.0,100.0,0.006732118395432124,0.7676289650505302
tx_capacity_pct,5671,2918,19.78046199964733,19.807745030843044,20.0,20.0,0.0035299719428749012,0.8416724468175845
