hour_local,valid,ff64,total,ff64_pct
0,241,119,360,33.05555555555556
1,241,119,360,33.05555555555556
2,235,125,360,34.72222222222222
3,231,129,360,35.833333333333336
4,237,123,360,34.166666666666664
5,231,129,360,35.833333333333336
6,247,113,360,31.38888888888889
7,242,118,360,32.77777777777778
8,228,132,360,36.666666666666664
9,227,133,360,36.94444444444444
10,245,115,360,31.944444444444443
11,235,125,360,34.72222222222222
12,246,114,360,31.666666666666668
13,232,128,360,35.55555555555556
14,230,130,360,36.111111111111114
15,241,119,360,33.05555555555556
16,237,123,360,34.166666666666664
17,246,114,360,31.666666666666668
18,247,113,360,31.38888888888889
19,240,123,363,33.88429752066116
20,236,124,360,34.44444444444444
21,230,130,360,36.111111111111114
22,239,121,360,33.611111111111114
23,245,115,360,31.944444444444443
