,cu01_local_temp_avg_c__rise,cu01_local_temp_avg_c__fall,cu01_local_hum_avg_pct__rise,cu01_local_hum_avg_pct__fall,sj01_local_temp_avg_c__rise,sj01_local_temp_avg_c__fall,sj01_local_hum_avg_pct__rise,sj01_local_hum_avg_pct__fall,sj01_local_press_hpa__rise,sj01_local_press_hpa__fall,sj01_local_wind_speed_ms__rise,sj01_local_wind_speed_ms__fall,sj01_warming_drying,sj01_cooling_humidifying
cu01_local_temp_avg_c__rise,1.0,0.05714285714285714,0.0,0.2,0.34285714285714286,0.05714285714285714,0.05714285714285714,0.14285714285714285,0.08571428571428572,0.14285714285714285,0.17142857142857143,0.17142857142857143,0.2571428571428571,0.02857142857142857
cu01_local_temp_avg_c__fall,0.05714285714285714,1.0,0.3191489361702128,0.0851063829787234,0.1,0.08888888888888889,0.13043478260869565,0.19148936170212766,0.0851063829787234,0.06818181818181818,0.0851063829787234,0.19148936170212766,0.10638297872340426,0.18604651162790697
cu01_local_hum_avg_pct__rise,0.0,0.3191489361702128,1.0,0.03278688524590164,0.1,0.1111111111111111,0.10869565217391304,0.08333333333333333,0.1,0.09090909090909091,0.08196721311475409,0.11475409836065574,0.0851063829787234,0.18604651162790697
cu01_local_hum_avg_pct__fall,0.2,0.0851063829787234,0.03278688524590164,1.0,0.25,0.06666666666666667,0.043478260869565216,0.20833333333333334,0.2,0.045454545454545456,0.04918032786885246,0.11475409836065574,0.2553191489361702,0.023255813953488372
sj01_local_temp_avg_c__rise,0.34285714285714286,0.1,0.1,0.25,1.0,0.125,0.125,0.45,0.05,0.125,0.35,0.125,0.575,0.05
sj01_local_temp_avg_c__fall,0.05714285714285714,0.08888888888888889,0.1111111111111111,0.06666666666666667,0.125,1.0,0.6,0.13333333333333333,0.08888888888888889,0.09090909090909091,0.2,0.15555555555555556,0.13333333333333333,0.6046511627906976
sj01_local_hum_avg_pct__rise,0.05714285714285714,0.13043478260869565,0.10869565217391304,0.043478260869565216,0.125,0.6,1.0,0.08695652173913043,0.10869565217391304,0.045454545454545456,0.1956521739130435,0.10869565217391304,0.08695652173913043,0.7441860465116279
sj01_local_hum_avg_pct__fall,0.14285714285714285,0.19148936170212766,0.08333333333333333,0.20833333333333334,0.45,0.13333333333333333,0.08695652173913043,1.0,0.08333333333333333,0.09090909090909091,0.14583333333333334,0.16666666666666666,0.8297872340425532,0.09302325581395349
sj01_local_press_hpa__rise,0.08571428571428572,0.0851063829787234,0.1,0.2,0.05,0.08888888888888889,0.10869565217391304,0.08333333333333333,1.0,0.0,0.04,0.14,0.10638297872340426,0.11627906976744186
sj01_local_press_hpa__fall,0.14285714285714285,0.06818181818181818,0.09090909090909091,0.045454545454545456,0.125,0.09090909090909091,0.045454545454545456,0.09090909090909091,0.0,1.0,0.1590909090909091,0.11363636363636363,0.13636363636363635,0.09302325581395349
sj01_local_wind_speed_ms__rise,0.17142857142857143,0.0851063829787234,0.08196721311475409,0.04918032786885246,0.35,0.2,0.1956521739130435,0.14583333333333334,0.04,0.1590909090909091,1.0,0.04918032786885246,0.19148936170212766,0.11627906976744186
sj01_local_wind_speed_ms__fall,0.17142857142857143,0.19148936170212766,0.11475409836065574,0.11475409836065574,0.125,0.15555555555555556,0.10869565217391304,0.16666666666666666,0.14,0.11363636363636363,0.04918032786885246,1.0,0.14893617021276595,0.046511627906976744
sj01_warming_drying,0.2571428571428571,0.10638297872340426,0.0851063829787234,0.2553191489361702,0.575,0.13333333333333333,0.08695652173913043,0.8297872340425532,0.10638297872340426,0.13636363636363635,0.19148936170212766,0.14893617021276595,1.0,0.09302325581395349
sj01_cooling_humidifying,0.02857142857142857,0.18604651162790697,0.18604651162790697,0.023255813953488372,0.05,0.6046511627906976,0.7441860465116279,0.09302325581395349,0.11627906976744186,0.09302325581395349,0.11627906976744186,0.046511627906976744,0.09302325581395349,1.0
