morphology,effect_sd,lag_min,trials,recovery_rate,ci95_low,ci95_high
joint_ramp30,0.5,15,100,0.83,0.7445181876635703,0.8910652394022684
joint_ramp30,0.5,30,100,0.28,0.2013955916759837,0.37488212361345724
joint_ramp30,0.5,60,100,0.0,0.0,0.03699480747600191
joint_ramp30,1.0,15,100,1.0,0.9630051925239981,0.9999999999999999
joint_ramp30,1.0,30,100,1.0,0.9630051925239981,0.9999999999999999
joint_ramp30,1.0,60,100,0.77,0.6784543514317231,0.841568452531236
joint_ramp30,1.5,15,100,1.0,0.9630051925239981,0.9999999999999999
joint_ramp30,1.5,30,100,1.0,0.9630051925239981,0.9999999999999999
joint_ramp30,1.5,60,100,0.92,0.8500173312059693,0.9589070305141891
joint_ramp30,2.0,15,100,1.0,0.9630051925239981,0.9999999999999999
joint_ramp30,2.0,30,100,1.0,0.9630051925239981,0.9999999999999999
joint_ramp30,2.0,60,100,0.92,0.8500173312059693,0.9589070305141891
joint_step15,0.5,15,100,0.97,0.915479219195973,0.9897456617765851
joint_step15,0.5,30,100,0.83,0.7445181876635703,0.8910652394022684
joint_step15,0.5,60,100,0.55,0.45244427031643447,0.6438562489359654
joint_step15,1.0,15,100,1.0,0.9630051925239981,0.9999999999999999
joint_step15,1.0,30,100,1.0,0.9630051925239981,0.9999999999999999
joint_step15,1.0,60,100,0.98,0.9299868370580063,0.9944981477650318
joint_step15,1.5,15,100,1.0,0.9630051925239981,0.9999999999999999
joint_step15,1.5,30,100,1.0,0.9630051925239981,0.9999999999999999
joint_step15,1.5,60,100,1.0,0.9630051925239981,0.9999999999999999
joint_step15,2.0,15,100,1.0,0.9630051925239981,0.9999999999999999
joint_step15,2.0,30,100,1.0,0.9630051925239981,0.9999999999999999
joint_step15,2.0,60,100,1.0,0.9630051925239981,0.9999999999999999
joint_sustained60,0.5,15,100,1.0,0.9630051925239981,0.9999999999999999
joint_sustained60,0.5,30,100,0.87,0.7901947810519012,0.9224290614158575
joint_sustained60,0.5,60,100,0.32,0.2366901081545688,0.4166280225367919
joint_sustained60,1.0,15,100,1.0,0.9630051925239981,0.9999999999999999
joint_sustained60,1.0,30,100,1.0,0.9630051925239981,0.9999999999999999
joint_sustained60,1.0,60,100,0.98,0.9299868370580063,0.9944981477650318
joint_sustained60,1.5,15,100,1.0,0.9630051925239981,0.9999999999999999
joint_sustained60,1.5,30,100,1.0,0.9630051925239981,0.9999999999999999
joint_sustained60,1.5,60,100,0.99,0.9455124752390653,0.9982326134344526
joint_sustained60,2.0,15,100,1.0,0.9630051925239981,0.9999999999999999
joint_sustained60,2.0,30,100,1.0,0.9630051925239981,0.9999999999999999
joint_sustained60,2.0,60,100,1.0,0.9630051925239981,0.9999999999999999
mcs_only_step15,0.5,15,100,0.0,0.0,0.03699480747600191
mcs_only_step15,0.5,30,100,0.0,0.0,0.03699480747600191
mcs_only_step15,0.5,60,100,0.0,0.0,0.03699480747600191
mcs_only_step15,1.0,15,100,0.74,0.6462882736813838,0.8159542187301354
mcs_only_step15,1.0,30,100,0.5,0.40382982859014716,0.5961701714098528
mcs_only_step15,1.0,60,100,0.08,0.04109296948581091,0.14998266879403072
mcs_only_step15,1.5,15,100,0.97,0.915479219195973,0.9897456617765851
mcs_only_step15,1.5,30,100,0.83,0.7445181876635703,0.8910652394022684
mcs_only_step15,1.5,60,100,0.55,0.45244427031643447,0.6438562489359654
mcs_only_step15,2.0,15,100,1.0,0.9630051925239981,0.9999999999999999
mcs_only_step15,2.0,30,100,1.0,0.9630051925239981,0.9999999999999999
mcs_only_step15,2.0,60,100,0.94,0.8752303146877748,0.9722142547333433
rssi_only_step15,0.5,15,100,0.0,0.0,0.03699480747600191
rssi_only_step15,0.5,30,100,0.0,0.0,0.03699480747600191
rssi_only_step15,0.5,60,100,0.0,0.0,0.03699480747600191
rssi_only_step15,1.0,15,100,0.74,0.6462882736813838,0.8159542187301354
rssi_only_step15,1.0,30,100,0.5,0.40382982859014716,0.5961701714098528
rssi_only_step15,1.0,60,100,0.08,0.04109296948581091,0.14998266879403072
rssi_only_step15,1.5,15,100,0.97,0.915479219195973,0.9897456617765851
rssi_only_step15,1.5,30,100,0.83,0.7445181876635703,0.8910652394022684
rssi_only_step15,1.5,60,100,0.55,0.45244427031643447,0.6438562489359654
rssi_only_step15,2.0,15,100,1.0,0.9630051925239981,0.9999999999999999
rssi_only_step15,2.0,30,100,1.0,0.9630051925239981,0.9999999999999999
rssi_only_step15,2.0,60,100,0.94,0.8752303146877748,0.9722142547333433
snr_only_step15,0.5,15,100,0.0,0.0,0.03699480747600191
snr_only_step15,0.5,30,100,0.0,0.0,0.03699480747600191
snr_only_step15,0.5,60,100,0.0,0.0,0.03699480747600191
snr_only_step15,1.0,15,100,0.74,0.6462882736813838,0.8159542187301354
snr_only_step15,1.0,30,100,0.5,0.40382982859014716,0.5961701714098528
snr_only_step15,1.0,60,100,0.08,0.04109296948581091,0.14998266879403072
snr_only_step15,1.5,15,100,0.97,0.915479219195973,0.9897456617765851
snr_only_step15,1.5,30,100,0.83,0.7445181876635703,0.8910652394022684
snr_only_step15,1.5,60,100,0.55,0.45244427031643447,0.6438562489359654
snr_only_step15,2.0,15,100,1.0,0.9630051925239981,0.9999999999999999
snr_only_step15,2.0,30,100,1.0,0.9630051925239981,0.9999999999999999
snr_only_step15,2.0,60,100,0.94,0.8752303146877748,0.9722142547333433
