mode,morphology,lag_min,seed,detected,hit_views
injected,joint_step15,15.0,0,True,global;snr
injected,joint_step15,15.0,1,True,global;snr
injected,joint_step15,15.0,2,True,global;snr
injected,joint_step15,15.0,3,True,global;snr
injected,joint_step15,15.0,4,True,global;snr
injected,joint_step15,15.0,5,True,global;mcs;snr
injected,joint_step15,15.0,6,True,global;rssi;snr
injected,joint_step15,15.0,7,True,global;snr
injected,joint_step15,15.0,8,True,global;snr
injected,joint_step15,15.0,9,True,global;snr
injected,joint_step15,15.0,10,True,global;rssi;snr
injected,joint_step15,15.0,11,True,global;snr
injected,joint_step15,15.0,12,True,global;snr
injected,joint_step15,15.0,13,True,global;rssi;snr
injected,joint_step15,15.0,14,True,global;snr
injected,joint_step15,15.0,15,True,global;rssi;snr
injected,joint_step15,15.0,16,True,global;snr
injected,joint_step15,15.0,17,True,global;snr
injected,joint_step15,15.0,18,True,global;rssi;snr
injected,joint_step15,15.0,19,True,global;snr
injected,joint_step15,15.0,20,True,global;rssi;snr
injected,joint_step15,15.0,21,True,global;rssi;snr
injected,joint_step15,15.0,22,True,global;snr
injected,joint_step15,15.0,23,True,global;snr
injected,joint_step15,15.0,24,True,global;snr
injected,joint_step15,15.0,25,True,global;snr
injected,joint_step15,15.0,26,True,global;rssi;snr
injected,joint_step15,15.0,27,True,global;snr
injected,joint_step15,15.0,28,True,global;snr
injected,joint_step15,15.0,29,True,global;rssi;snr
injected,joint_step15,15.0,30,True,global;rssi;snr
injected,joint_step15,15.0,31,True,global;rssi;snr
injected,joint_step15,15.0,32,True,global;rssi;snr
injected,joint_step15,15.0,33,True,global;rssi;snr
injected,joint_step15,15.0,34,True,global;snr
injected,joint_step15,15.0,35,True,global;snr
injected,joint_step15,15.0,36,True,global;snr
injected,joint_step15,15.0,37,True,global;rssi;snr
injected,joint_step15,15.0,38,True,global;rssi;snr
injected,joint_step15,15.0,39,True,global;rssi;snr
injected,joint_step15,15.0,40,True,global;rssi;snr
injected,joint_step15,15.0,41,True,global;mcs;snr
injected,joint_step15,15.0,42,True,global;snr
injected,joint_step15,15.0,43,True,global;rssi;snr
injected,joint_step15,15.0,44,True,global;snr
injected,joint_step15,15.0,45,True,global;snr
injected,joint_step15,15.0,46,True,global;snr
injected,joint_step15,15.0,47,True,global;rssi;snr
injected,joint_step15,15.0,48,True,global;rssi;snr
injected,joint_step15,15.0,49,True,global;snr
injected,joint_step15,15.0,50,True,global;snr
injected,joint_step15,15.0,51,True,global;snr
injected,joint_step15,15.0,52,True,global;rssi;snr
injected,joint_step15,15.0,53,True,global;rssi;snr
injected,joint_step15,15.0,54,True,global;snr
injected,joint_step15,15.0,55,True,global;snr
injected,joint_step15,15.0,56,True,global;rssi;snr
injected,joint_step15,15.0,57,True,global;snr
injected,joint_step15,15.0,58,True,global;snr
injected,joint_step15,15.0,59,True,global;mcs;snr
injected,joint_step15,15.0,60,True,global;rssi;snr
injected,joint_step15,15.0,61,True,global;snr
injected,joint_step15,15.0,62,True,global;rssi;snr
injected,joint_step15,15.0,63,True,global;snr
injected,joint_step15,15.0,64,True,global;snr
injected,joint_step15,15.0,65,True,global;rssi;snr
injected,joint_step15,15.0,66,True,global;snr
injected,joint_step15,15.0,67,True,global;snr
injected,joint_step15,15.0,68,True,global;rssi;snr
injected,joint_step15,15.0,69,True,global;rssi;snr
injected,joint_step15,15.0,70,True,global;snr
injected,joint_step15,15.0,71,True,global;snr
injected,joint_step15,15.0,72,True,global;rssi;snr
injected,joint_step15,15.0,73,True,global;snr
injected,joint_step15,15.0,74,True,global;snr
injected,joint_step15,15.0,75,True,global;snr
injected,joint_step15,15.0,76,True,global;snr
injected,joint_step15,15.0,77,True,global;snr
injected,joint_step15,15.0,78,True,global;snr
injected,joint_step15,15.0,79,True,global;rssi;snr
injected,joint_step15,15.0,80,True,global;rssi;snr
injected,joint_step15,15.0,81,True,global;snr
injected,joint_step15,15.0,82,True,global;snr
injected,joint_step15,15.0,83,True,global;mcs;snr
injected,joint_step15,15.0,84,True,global;snr
injected,joint_step15,15.0,85,True,global;snr
injected,joint_step15,15.0,86,True,global;rssi;snr
injected,joint_step15,15.0,87,True,global;rssi;snr
injected,joint_step15,15.0,88,True,global;rssi;snr
injected,joint_step15,15.0,89,True,global;snr
injected,joint_step15,15.0,90,True,global;rssi;snr
injected,joint_step15,15.0,91,True,global;snr
injected,joint_step15,15.0,92,True,global;rssi;snr
injected,joint_step15,15.0,93,True,global;snr
injected,joint_step15,15.0,94,True,global;snr
injected,joint_step15,15.0,95,True,global;snr
injected,joint_step15,15.0,96,True,global;rssi;snr
injected,joint_step15,15.0,97,True,global;rssi;snr
injected,joint_step15,15.0,98,True,global;mcs;snr
injected,joint_step15,15.0,99,True,global;snr
injected,joint_step15,30.0,0,True,global;snr
injected,joint_step15,30.0,1,True,global;rssi;snr
injected,joint_step15,30.0,2,True,global;rssi;snr
injected,joint_step15,30.0,3,True,global;mcs;snr
injected,joint_step15,30.0,4,True,global;rssi;snr
injected,joint_step15,30.0,5,True,global;mcs;rssi;snr
injected,joint_step15,30.0,6,True,global;rssi;snr
injected,joint_step15,30.0,7,True,global;mcs;snr
injected,joint_step15,30.0,8,True,global;rssi;snr
injected,joint_step15,30.0,9,True,global;rssi;snr
injected,joint_step15,30.0,10,True,global;mcs;rssi;snr
injected,joint_step15,30.0,11,True,global;rssi;snr
injected,joint_step15,30.0,12,True,global;rssi;snr
injected,joint_step15,30.0,13,True,global;rssi;snr
injected,joint_step15,30.0,14,True,global;mcs;rssi;snr
injected,joint_step15,30.0,15,True,global;mcs;rssi;snr
injected,joint_step15,30.0,16,True,global;rssi;snr
injected,joint_step15,30.0,17,True,global;rssi;snr
injected,joint_step15,30.0,18,True,global;rssi;snr
injected,joint_step15,30.0,19,True,global;rssi;snr
injected,joint_step15,30.0,20,True,global;mcs;rssi;snr
injected,joint_step15,30.0,21,True,global;rssi;snr
injected,joint_step15,30.0,22,True,global;rssi;snr
injected,joint_step15,30.0,23,True,global;rssi;snr
injected,joint_step15,30.0,24,True,global;rssi;snr
injected,joint_step15,30.0,25,True,global;rssi;snr
injected,joint_step15,30.0,26,True,global;mcs;rssi;snr
injected,joint_step15,30.0,27,True,global;rssi;snr
injected,joint_step15,30.0,28,True,global;rssi;snr
injected,joint_step15,30.0,29,True,global;mcs;rssi;snr
injected,joint_step15,30.0,30,True,global;rssi;snr
injected,joint_step15,30.0,31,True,global;rssi;snr
injected,joint_step15,30.0,32,True,global;mcs;rssi;snr
injected,joint_step15,30.0,33,True,global;rssi;snr
injected,joint_step15,30.0,34,True,global;rssi;snr
injected,joint_step15,30.0,35,True,global;rssi;snr
injected,joint_step15,30.0,36,True,global;mcs;rssi;snr
injected,joint_step15,30.0,37,True,global;rssi;snr
injected,joint_step15,30.0,38,True,global;rssi;snr
injected,joint_step15,30.0,39,True,global;rssi;snr
injected,joint_step15,30.0,40,True,global;rssi;snr
injected,joint_step15,30.0,41,True,global;rssi;snr
injected,joint_step15,30.0,42,True,global;mcs;rssi;snr
injected,joint_step15,30.0,43,True,global;rssi;snr
injected,joint_step15,30.0,44,True,global;rssi;snr
injected,joint_step15,30.0,45,True,global;rssi;snr
injected,joint_step15,30.0,46,True,global;rssi;snr
injected,joint_step15,30.0,47,True,global;mcs;rssi;snr
injected,joint_step15,30.0,48,True,global;rssi;snr
injected,joint_step15,30.0,49,True,global;mcs;snr
injected,joint_step15,30.0,50,True,global;rssi;snr
injected,joint_step15,30.0,51,True,global;rssi;snr
injected,joint_step15,30.0,52,True,global;mcs;rssi;snr
injected,joint_step15,30.0,53,True,global;rssi;snr
injected,joint_step15,30.0,54,True,global;rssi;snr
injected,joint_step15,30.0,55,True,global;snr
injected,joint_step15,30.0,56,True,global;mcs;rssi;snr
injected,joint_step15,30.0,57,True,global;rssi;snr
injected,joint_step15,30.0,58,True,global;mcs;rssi;snr
injected,joint_step15,30.0,59,True,global;rssi;snr
injected,joint_step15,30.0,60,True,global;rssi;snr
injected,joint_step15,30.0,61,True,global;rssi;snr
injected,joint_step15,30.0,62,True,global;rssi;snr
injected,joint_step15,30.0,63,True,global;rssi;snr
injected,joint_step15,30.0,64,True,global;mcs;rssi;snr
injected,joint_step15,30.0,65,True,global;mcs;rssi;snr
injected,joint_step15,30.0,66,True,global;mcs;rssi;snr
injected,joint_step15,30.0,67,True,global;rssi;snr
injected,joint_step15,30.0,68,True,global;rssi;snr
injected,joint_step15,30.0,69,True,global;rssi;snr
injected,joint_step15,30.0,70,True,global;rssi;snr
injected,joint_step15,30.0,71,True,global;rssi;snr
injected,joint_step15,30.0,72,True,global;rssi;snr
injected,joint_step15,30.0,73,True,global;rssi;snr
injected,joint_step15,30.0,74,True,global;rssi;snr
injected,joint_step15,30.0,75,True,global;rssi;snr
injected,joint_step15,30.0,76,True,global;mcs;rssi;snr
injected,joint_step15,30.0,77,True,global;rssi;snr
injected,joint_step15,30.0,78,True,global;mcs;rssi;snr
injected,joint_step15,30.0,79,True,global;rssi;snr
injected,joint_step15,30.0,80,True,global;rssi;snr
injected,joint_step15,30.0,81,True,global;rssi;snr
injected,joint_step15,30.0,82,True,global;mcs;rssi;snr
injected,joint_step15,30.0,83,True,global;mcs;snr
injected,joint_step15,30.0,84,True,global;rssi;snr
injected,joint_step15,30.0,85,True,global;rssi;snr
injected,joint_step15,30.0,86,True,global;rssi;snr
injected,joint_step15,30.0,87,True,global;rssi;snr
injected,joint_step15,30.0,88,True,global;rssi;snr
injected,joint_step15,30.0,89,True,global;mcs;rssi;snr
injected,joint_step15,30.0,90,True,global;mcs;rssi;snr
injected,joint_step15,30.0,91,True,global;mcs;rssi;snr
injected,joint_step15,30.0,92,True,global;rssi;snr
injected,joint_step15,30.0,93,True,global;rssi;snr
injected,joint_step15,30.0,94,True,global;rssi;snr
injected,joint_step15,30.0,95,True,global;mcs;rssi;snr
injected,joint_step15,30.0,96,True,global;rssi;snr
injected,joint_step15,30.0,97,True,global;mcs;rssi;snr
injected,joint_step15,30.0,98,True,global;mcs;rssi;snr
injected,joint_step15,30.0,99,True,global;mcs;rssi;snr
injected,joint_step15,60.0,0,True,global
injected,joint_step15,60.0,1,True,global
injected,joint_step15,60.0,2,False,
injected,joint_step15,60.0,3,True,global;mcs
injected,joint_step15,60.0,4,True,global
injected,joint_step15,60.0,5,True,global
injected,joint_step15,60.0,6,False,
injected,joint_step15,60.0,7,True,mcs
injected,joint_step15,60.0,8,True,global
injected,joint_step15,60.0,9,False,
injected,joint_step15,60.0,10,True,global;mcs
injected,joint_step15,60.0,11,True,global
injected,joint_step15,60.0,12,False,
injected,joint_step15,60.0,13,True,global
injected,joint_step15,60.0,14,True,global;mcs
injected,joint_step15,60.0,15,True,global;mcs
injected,joint_step15,60.0,16,True,global
injected,joint_step15,60.0,17,False,
injected,joint_step15,60.0,18,True,global
injected,joint_step15,60.0,19,False,
injected,joint_step15,60.0,20,True,mcs
injected,joint_step15,60.0,21,True,global
injected,joint_step15,60.0,22,False,
injected,joint_step15,60.0,23,True,global
injected,joint_step15,60.0,24,False,
injected,joint_step15,60.0,25,True,global
injected,joint_step15,60.0,26,True,global;mcs
injected,joint_step15,60.0,27,True,global
injected,joint_step15,60.0,28,True,global
injected,joint_step15,60.0,29,True,global;mcs
injected,joint_step15,60.0,30,True,global
injected,joint_step15,60.0,31,False,
injected,joint_step15,60.0,32,True,global;mcs
injected,joint_step15,60.0,33,True,global
injected,joint_step15,60.0,34,True,global
injected,joint_step15,60.0,35,True,global
injected,joint_step15,60.0,36,True,mcs
injected,joint_step15,60.0,37,False,
injected,joint_step15,60.0,38,True,global
injected,joint_step15,60.0,39,True,global
injected,joint_step15,60.0,40,True,global
injected,joint_step15,60.0,41,True,global
injected,joint_step15,60.0,42,True,global;mcs
injected,joint_step15,60.0,43,True,global
injected,joint_step15,60.0,44,False,
injected,joint_step15,60.0,45,True,global
injected,joint_step15,60.0,46,False,
injected,joint_step15,60.0,47,True,global;mcs
injected,joint_step15,60.0,48,False,
injected,joint_step15,60.0,49,True,global;mcs
injected,joint_step15,60.0,50,True,global
injected,joint_step15,60.0,51,False,
injected,joint_step15,60.0,52,True,global;mcs
injected,joint_step15,60.0,53,True,global
injected,joint_step15,60.0,54,True,global
injected,joint_step15,60.0,55,True,global
injected,joint_step15,60.0,56,True,global;mcs
injected,joint_step15,60.0,57,True,global
injected,joint_step15,60.0,58,True,mcs
injected,joint_step15,60.0,59,True,global
injected,joint_step15,60.0,60,True,global
injected,joint_step15,60.0,61,True,global
injected,joint_step15,60.0,62,True,global
injected,joint_step15,60.0,63,True,global
injected,joint_step15,60.0,64,True,mcs
injected,joint_step15,60.0,65,True,global;mcs
injected,joint_step15,60.0,66,True,global;mcs
injected,joint_step15,60.0,67,True,global
injected,joint_step15,60.0,68,False,
injected,joint_step15,60.0,69,False,
injected,joint_step15,60.0,70,False,
injected,joint_step15,60.0,71,True,global
injected,joint_step15,60.0,72,False,
injected,joint_step15,60.0,73,True,global
injected,joint_step15,60.0,74,False,
injected,joint_step15,60.0,75,False,
injected,joint_step15,60.0,76,True,global;mcs
injected,joint_step15,60.0,77,False,
injected,joint_step15,60.0,78,True,global;mcs
injected,joint_step15,60.0,79,False,
injected,joint_step15,60.0,80,True,global
injected,joint_step15,60.0,81,True,global
injected,joint_step15,60.0,82,True,global;mcs
injected,joint_step15,60.0,83,True,global;mcs
injected,joint_step15,60.0,84,False,
injected,joint_step15,60.0,85,True,global
injected,joint_step15,60.0,86,False,
injected,joint_step15,60.0,87,True,global
injected,joint_step15,60.0,88,True,global
injected,joint_step15,60.0,89,True,global;mcs
injected,joint_step15,60.0,90,True,global;mcs
injected,joint_step15,60.0,91,True,global;mcs
injected,joint_step15,60.0,92,True,global
injected,joint_step15,60.0,93,True,global
injected,joint_step15,60.0,94,True,global
injected,joint_step15,60.0,95,True,mcs
injected,joint_step15,60.0,96,False,
injected,joint_step15,60.0,97,True,global;mcs
injected,joint_step15,60.0,98,True,global;mcs
injected,joint_step15,60.0,99,True,global;mcs
injected,snr_only_step15,15.0,0,True,global;snr
injected,snr_only_step15,15.0,1,True,global;snr
injected,snr_only_step15,15.0,2,True,snr
injected,snr_only_step15,15.0,3,True,global;snr
injected,snr_only_step15,15.0,4,True,snr
injected,snr_only_step15,15.0,5,True,global;snr
injected,snr_only_step15,15.0,6,True,snr
injected,snr_only_step15,15.0,7,True,global;snr
injected,snr_only_step15,15.0,8,True,global;snr
injected,snr_only_step15,15.0,9,True,snr
injected,snr_only_step15,15.0,10,True,global;snr
injected,snr_only_step15,15.0,11,True,global;snr
injected,snr_only_step15,15.0,12,True,snr
injected,snr_only_step15,15.0,13,True,global;snr
injected,snr_only_step15,15.0,14,True,global;snr
injected,snr_only_step15,15.0,15,True,snr
injected,snr_only_step15,15.0,16,True,snr
injected,snr_only_step15,15.0,17,True,snr
injected,snr_only_step15,15.0,18,True,global;snr
injected,snr_only_step15,15.0,19,True,snr
injected,snr_only_step15,15.0,20,True,snr
injected,snr_only_step15,15.0,21,True,global;snr
injected,snr_only_step15,15.0,22,True,global;snr
injected,snr_only_step15,15.0,23,True,global;snr
injected,snr_only_step15,15.0,24,True,snr
injected,snr_only_step15,15.0,25,True,snr
injected,snr_only_step15,15.0,26,True,global;snr
injected,snr_only_step15,15.0,27,True,global;snr
injected,snr_only_step15,15.0,28,True,snr
injected,snr_only_step15,15.0,29,True,global;snr
injected,snr_only_step15,15.0,30,True,global;snr
injected,snr_only_step15,15.0,31,True,snr
injected,snr_only_step15,15.0,32,True,global;snr
injected,snr_only_step15,15.0,33,True,snr
injected,snr_only_step15,15.0,34,True,global;snr
injected,snr_only_step15,15.0,35,True,global;snr
injected,snr_only_step15,15.0,36,True,global;snr
injected,snr_only_step15,15.0,37,True,snr
injected,snr_only_step15,15.0,38,True,global;snr
injected,snr_only_step15,15.0,39,True,global;snr
injected,snr_only_step15,15.0,40,True,snr
injected,snr_only_step15,15.0,41,True,global;snr
injected,snr_only_step15,15.0,42,True,global;snr
injected,snr_only_step15,15.0,43,True,snr
injected,snr_only_step15,15.0,44,True,snr
injected,snr_only_step15,15.0,45,True,global;snr
injected,snr_only_step15,15.0,46,True,snr
injected,snr_only_step15,15.0,47,True,snr
injected,snr_only_step15,15.0,48,True,snr
injected,snr_only_step15,15.0,49,True,global;snr
injected,snr_only_step15,15.0,50,True,global;snr
injected,snr_only_step15,15.0,51,True,global;snr
injected,snr_only_step15,15.0,52,True,global;snr
injected,snr_only_step15,15.0,53,True,snr
injected,snr_only_step15,15.0,54,True,global;snr
injected,snr_only_step15,15.0,55,True,global;snr
injected,snr_only_step15,15.0,56,True,snr
injected,snr_only_step15,15.0,57,True,snr
injected,snr_only_step15,15.0,58,True,snr
injected,snr_only_step15,15.0,59,True,snr
injected,snr_only_step15,15.0,60,True,global;snr
injected,snr_only_step15,15.0,61,True,snr
injected,snr_only_step15,15.0,62,True,global;snr
injected,snr_only_step15,15.0,63,True,snr
injected,snr_only_step15,15.0,64,True,global;snr
injected,snr_only_step15,15.0,65,True,snr
injected,snr_only_step15,15.0,66,True,global;snr
injected,snr_only_step15,15.0,67,True,snr
injected,snr_only_step15,15.0,68,True,snr
injected,snr_only_step15,15.0,69,True,snr
injected,snr_only_step15,15.0,70,True,snr
injected,snr_only_step15,15.0,71,True,global;snr
injected,snr_only_step15,15.0,72,True,snr
injected,snr_only_step15,15.0,73,True,snr
injected,snr_only_step15,15.0,74,True,snr
injected,snr_only_step15,15.0,75,True,snr
injected,snr_only_step15,15.0,76,True,snr
injected,snr_only_step15,15.0,77,True,snr
injected,snr_only_step15,15.0,78,True,global;snr
injected,snr_only_step15,15.0,79,True,snr
injected,snr_only_step15,15.0,80,True,snr
injected,snr_only_step15,15.0,81,True,snr
injected,snr_only_step15,15.0,82,True,snr
injected,snr_only_step15,15.0,83,True,global;snr
injected,snr_only_step15,15.0,84,True,snr
injected,snr_only_step15,15.0,85,True,snr
injected,snr_only_step15,15.0,86,True,snr
injected,snr_only_step15,15.0,87,True,snr
injected,snr_only_step15,15.0,88,True,snr
injected,snr_only_step15,15.0,89,True,global;snr
injected,snr_only_step15,15.0,90,True,global;snr
injected,snr_only_step15,15.0,91,True,global;snr
injected,snr_only_step15,15.0,92,True,snr
injected,snr_only_step15,15.0,93,True,snr
injected,snr_only_step15,15.0,94,True,global;snr
injected,snr_only_step15,15.0,95,True,snr
injected,snr_only_step15,15.0,96,True,snr
injected,snr_only_step15,15.0,97,True,snr
injected,snr_only_step15,15.0,98,True,snr
injected,snr_only_step15,15.0,99,True,snr
injected,snr_only_step15,30.0,0,True,snr
injected,snr_only_step15,30.0,1,True,global;snr
injected,snr_only_step15,30.0,2,True,snr
injected,snr_only_step15,30.0,3,True,snr
injected,snr_only_step15,30.0,4,True,snr
injected,snr_only_step15,30.0,5,True,global;snr
injected,snr_only_step15,30.0,6,True,snr
injected,snr_only_step15,30.0,7,True,snr
injected,snr_only_step15,30.0,8,True,snr
injected,snr_only_step15,30.0,9,True,snr
injected,snr_only_step15,30.0,10,True,snr
injected,snr_only_step15,30.0,11,True,snr
injected,snr_only_step15,30.0,12,True,snr
injected,snr_only_step15,30.0,13,True,global;snr
injected,snr_only_step15,30.0,14,True,snr
injected,snr_only_step15,30.0,15,True,snr
injected,snr_only_step15,30.0,16,True,global;snr
injected,snr_only_step15,30.0,17,True,snr
injected,snr_only_step15,30.0,18,True,snr
injected,snr_only_step15,30.0,19,True,snr
injected,snr_only_step15,30.0,20,True,snr
injected,snr_only_step15,30.0,21,True,snr
injected,snr_only_step15,30.0,22,True,snr
injected,snr_only_step15,30.0,23,True,snr
injected,snr_only_step15,30.0,24,True,snr
injected,snr_only_step15,30.0,25,True,snr
injected,snr_only_step15,30.0,26,True,snr
injected,snr_only_step15,30.0,27,True,global;snr
injected,snr_only_step15,30.0,28,True,global;snr
injected,snr_only_step15,30.0,29,True,snr
injected,snr_only_step15,30.0,30,True,global;snr
injected,snr_only_step15,30.0,31,True,snr
injected,snr_only_step15,30.0,32,True,global;snr
injected,snr_only_step15,30.0,33,True,snr
injected,snr_only_step15,30.0,34,True,snr
injected,snr_only_step15,30.0,35,True,snr
injected,snr_only_step15,30.0,36,True,snr
injected,snr_only_step15,30.0,37,True,snr
injected,snr_only_step15,30.0,38,True,global;snr
injected,snr_only_step15,30.0,39,True,snr
injected,snr_only_step15,30.0,40,True,snr
injected,snr_only_step15,30.0,41,True,snr
injected,snr_only_step15,30.0,42,True,global;snr
injected,snr_only_step15,30.0,43,True,snr
injected,snr_only_step15,30.0,44,True,snr
injected,snr_only_step15,30.0,45,True,snr
injected,snr_only_step15,30.0,46,True,snr
injected,snr_only_step15,30.0,47,True,global;snr
injected,snr_only_step15,30.0,48,True,snr
injected,snr_only_step15,30.0,49,True,snr
injected,snr_only_step15,30.0,50,True,snr
injected,snr_only_step15,30.0,51,True,snr
injected,snr_only_step15,30.0,52,True,global;snr
injected,snr_only_step15,30.0,53,True,snr
injected,snr_only_step15,30.0,54,True,global;snr
injected,snr_only_step15,30.0,55,True,global;snr
injected,snr_only_step15,30.0,56,True,global;snr
injected,snr_only_step15,30.0,57,True,global;snr
injected,snr_only_step15,30.0,58,True,snr
injected,snr_only_step15,30.0,59,True,snr
injected,snr_only_step15,30.0,60,True,snr
injected,snr_only_step15,30.0,61,True,snr
injected,snr_only_step15,30.0,62,True,snr
injected,snr_only_step15,30.0,63,True,snr
injected,snr_only_step15,30.0,64,True,snr
injected,snr_only_step15,30.0,65,True,global;snr
injected,snr_only_step15,30.0,66,True,snr
injected,snr_only_step15,30.0,67,True,snr
injected,snr_only_step15,30.0,68,True,snr
injected,snr_only_step15,30.0,69,True,snr
injected,snr_only_step15,30.0,70,True,snr
injected,snr_only_step15,30.0,71,True,snr
injected,snr_only_step15,30.0,72,True,snr
injected,snr_only_step15,30.0,73,True,snr
injected,snr_only_step15,30.0,74,True,snr
injected,snr_only_step15,30.0,75,True,snr
injected,snr_only_step15,30.0,76,True,snr
injected,snr_only_step15,30.0,77,True,snr
injected,snr_only_step15,30.0,78,True,snr
injected,snr_only_step15,30.0,79,True,snr
injected,snr_only_step15,30.0,80,True,global;snr
injected,snr_only_step15,30.0,81,True,snr
injected,snr_only_step15,30.0,82,True,snr
injected,snr_only_step15,30.0,83,True,snr
injected,snr_only_step15,30.0,84,True,snr
injected,snr_only_step15,30.0,85,True,global;snr
injected,snr_only_step15,30.0,86,True,snr
injected,snr_only_step15,30.0,87,True,snr
injected,snr_only_step15,30.0,88,True,global;snr
injected,snr_only_step15,30.0,89,True,snr
injected,snr_only_step15,30.0,90,True,global;snr
injected,snr_only_step15,30.0,91,True,snr
injected,snr_only_step15,30.0,92,True,snr
injected,snr_only_step15,30.0,93,True,global;snr
injected,snr_only_step15,30.0,94,True,snr
injected,snr_only_step15,30.0,95,True,snr
injected,snr_only_step15,30.0,96,True,snr
injected,snr_only_step15,30.0,97,True,snr
injected,snr_only_step15,30.0,98,True,snr
injected,snr_only_step15,30.0,99,True,snr
injected,snr_only_step15,60.0,0,False,
injected,snr_only_step15,60.0,1,False,
injected,snr_only_step15,60.0,2,False,
injected,snr_only_step15,60.0,3,False,
injected,snr_only_step15,60.0,4,False,
injected,snr_only_step15,60.0,5,False,
injected,snr_only_step15,60.0,6,False,
injected,snr_only_step15,60.0,7,False,
injected,snr_only_step15,60.0,8,False,
injected,snr_only_step15,60.0,9,False,
injected,snr_only_step15,60.0,10,False,
injected,snr_only_step15,60.0,11,False,
injected,snr_only_step15,60.0,12,False,
injected,snr_only_step15,60.0,13,False,
injected,snr_only_step15,60.0,14,False,
injected,snr_only_step15,60.0,15,False,
injected,snr_only_step15,60.0,16,False,
injected,snr_only_step15,60.0,17,False,
injected,snr_only_step15,60.0,18,False,
injected,snr_only_step15,60.0,19,False,
injected,snr_only_step15,60.0,20,False,
injected,snr_only_step15,60.0,21,False,
injected,snr_only_step15,60.0,22,False,
injected,snr_only_step15,60.0,23,False,
injected,snr_only_step15,60.0,24,False,
injected,snr_only_step15,60.0,25,False,
injected,snr_only_step15,60.0,26,False,
injected,snr_only_step15,60.0,27,False,
injected,snr_only_step15,60.0,28,False,
injected,snr_only_step15,60.0,29,False,
injected,snr_only_step15,60.0,30,False,
injected,snr_only_step15,60.0,31,False,
injected,snr_only_step15,60.0,32,False,
injected,snr_only_step15,60.0,33,False,
injected,snr_only_step15,60.0,34,False,
injected,snr_only_step15,60.0,35,False,
injected,snr_only_step15,60.0,36,False,
injected,snr_only_step15,60.0,37,False,
injected,snr_only_step15,60.0,38,False,
injected,snr_only_step15,60.0,39,False,
injected,snr_only_step15,60.0,40,False,
injected,snr_only_step15,60.0,41,False,
injected,snr_only_step15,60.0,42,False,
injected,snr_only_step15,60.0,43,False,
injected,snr_only_step15,60.0,44,False,
injected,snr_only_step15,60.0,45,False,
injected,snr_only_step15,60.0,46,False,
injected,snr_only_step15,60.0,47,False,
injected,snr_only_step15,60.0,48,False,
injected,snr_only_step15,60.0,49,False,
injected,snr_only_step15,60.0,50,False,
injected,snr_only_step15,60.0,51,False,
injected,snr_only_step15,60.0,52,False,
injected,snr_only_step15,60.0,53,False,
injected,snr_only_step15,60.0,54,False,
injected,snr_only_step15,60.0,55,False,
injected,snr_only_step15,60.0,56,False,
injected,snr_only_step15,60.0,57,False,
injected,snr_only_step15,60.0,58,False,
injected,snr_only_step15,60.0,59,False,
injected,snr_only_step15,60.0,60,False,
injected,snr_only_step15,60.0,61,False,
injected,snr_only_step15,60.0,62,False,
injected,snr_only_step15,60.0,63,False,
injected,snr_only_step15,60.0,64,False,
injected,snr_only_step15,60.0,65,False,
injected,snr_only_step15,60.0,66,False,
injected,snr_only_step15,60.0,67,False,
injected,snr_only_step15,60.0,68,False,
injected,snr_only_step15,60.0,69,False,
injected,snr_only_step15,60.0,70,False,
injected,snr_only_step15,60.0,71,False,
injected,snr_only_step15,60.0,72,False,
injected,snr_only_step15,60.0,73,False,
injected,snr_only_step15,60.0,74,False,
injected,snr_only_step15,60.0,75,False,
injected,snr_only_step15,60.0,76,False,
injected,snr_only_step15,60.0,77,False,
injected,snr_only_step15,60.0,78,False,
injected,snr_only_step15,60.0,79,False,
injected,snr_only_step15,60.0,80,False,
injected,snr_only_step15,60.0,81,False,
injected,snr_only_step15,60.0,82,False,
injected,snr_only_step15,60.0,83,False,
injected,snr_only_step15,60.0,84,False,
injected,snr_only_step15,60.0,85,False,
injected,snr_only_step15,60.0,86,False,
injected,snr_only_step15,60.0,87,False,
injected,snr_only_step15,60.0,88,False,
injected,snr_only_step15,60.0,89,False,
injected,snr_only_step15,60.0,90,False,
injected,snr_only_step15,60.0,91,False,
injected,snr_only_step15,60.0,92,False,
injected,snr_only_step15,60.0,93,False,
injected,snr_only_step15,60.0,94,False,
injected,snr_only_step15,60.0,95,False,
injected,snr_only_step15,60.0,96,False,
injected,snr_only_step15,60.0,97,False,
injected,snr_only_step15,60.0,98,False,
injected,snr_only_step15,60.0,99,False,
injected,rssi_only_step15,15.0,0,True,global
injected,rssi_only_step15,15.0,1,True,global
injected,rssi_only_step15,15.0,2,False,
injected,rssi_only_step15,15.0,3,True,global
injected,rssi_only_step15,15.0,4,False,
injected,rssi_only_step15,15.0,5,True,global
injected,rssi_only_step15,15.0,6,True,rssi
injected,rssi_only_step15,15.0,7,True,global
injected,rssi_only_step15,15.0,8,True,global
injected,rssi_only_step15,15.0,9,False,
injected,rssi_only_step15,15.0,10,True,global;rssi
injected,rssi_only_step15,15.0,11,True,global
injected,rssi_only_step15,15.0,12,False,
injected,rssi_only_step15,15.0,13,True,global;rssi
injected,rssi_only_step15,15.0,14,True,global
injected,rssi_only_step15,15.0,15,True,rssi
injected,rssi_only_step15,15.0,16,False,
injected,rssi_only_step15,15.0,17,False,
injected,rssi_only_step15,15.0,18,True,global;rssi
injected,rssi_only_step15,15.0,19,False,
injected,rssi_only_step15,15.0,20,True,rssi
injected,rssi_only_step15,15.0,21,True,global;rssi
injected,rssi_only_step15,15.0,22,True,global
injected,rssi_only_step15,15.0,23,True,global
injected,rssi_only_step15,15.0,24,False,
injected,rssi_only_step15,15.0,25,False,
injected,rssi_only_step15,15.0,26,True,global;rssi
injected,rssi_only_step15,15.0,27,True,global
injected,rssi_only_step15,15.0,28,False,
injected,rssi_only_step15,15.0,29,True,global;rssi
injected,rssi_only_step15,15.0,30,True,global;rssi
injected,rssi_only_step15,15.0,31,True,rssi
injected,rssi_only_step15,15.0,32,True,global;rssi
injected,rssi_only_step15,15.0,33,True,rssi
injected,rssi_only_step15,15.0,34,True,global
injected,rssi_only_step15,15.0,35,True,global
injected,rssi_only_step15,15.0,36,True,global
injected,rssi_only_step15,15.0,37,True,rssi
injected,rssi_only_step15,15.0,38,True,global;rssi
injected,rssi_only_step15,15.0,39,True,global;rssi
injected,rssi_only_step15,15.0,40,True,rssi
injected,rssi_only_step15,15.0,41,True,global
injected,rssi_only_step15,15.0,42,True,global
injected,rssi_only_step15,15.0,43,True,rssi
injected,rssi_only_step15,15.0,44,False,
injected,rssi_only_step15,15.0,45,True,global
injected,rssi_only_step15,15.0,46,False,
injected,rssi_only_step15,15.0,47,True,rssi
injected,rssi_only_step15,15.0,48,True,rssi
injected,rssi_only_step15,15.0,49,True,global
injected,rssi_only_step15,15.0,50,True,global
injected,rssi_only_step15,15.0,51,True,global
injected,rssi_only_step15,15.0,52,True,global;rssi
injected,rssi_only_step15,15.0,53,True,rssi
injected,rssi_only_step15,15.0,54,True,global
injected,rssi_only_step15,15.0,55,True,global
injected,rssi_only_step15,15.0,56,True,rssi
injected,rssi_only_step15,15.0,57,False,
injected,rssi_only_step15,15.0,58,False,
injected,rssi_only_step15,15.0,59,False,
injected,rssi_only_step15,15.0,60,True,global;rssi
injected,rssi_only_step15,15.0,61,False,
injected,rssi_only_step15,15.0,62,True,global;rssi
injected,rssi_only_step15,15.0,63,False,
injected,rssi_only_step15,15.0,64,True,global
injected,rssi_only_step15,15.0,65,True,rssi
injected,rssi_only_step15,15.0,66,True,global
injected,rssi_only_step15,15.0,67,False,
injected,rssi_only_step15,15.0,68,True,rssi
injected,rssi_only_step15,15.0,69,True,rssi
injected,rssi_only_step15,15.0,70,False,
injected,rssi_only_step15,15.0,71,True,global
injected,rssi_only_step15,15.0,72,True,rssi
injected,rssi_only_step15,15.0,73,False,
injected,rssi_only_step15,15.0,74,False,
injected,rssi_only_step15,15.0,75,False,
injected,rssi_only_step15,15.0,76,False,
injected,rssi_only_step15,15.0,77,False,
injected,rssi_only_step15,15.0,78,True,global
injected,rssi_only_step15,15.0,79,True,rssi
injected,rssi_only_step15,15.0,80,True,rssi
injected,rssi_only_step15,15.0,81,False,
injected,rssi_only_step15,15.0,82,False,
injected,rssi_only_step15,15.0,83,True,global
injected,rssi_only_step15,15.0,84,False,
injected,rssi_only_step15,15.0,85,False,
injected,rssi_only_step15,15.0,86,True,rssi
injected,rssi_only_step15,15.0,87,True,rssi
injected,rssi_only_step15,15.0,88,True,rssi
injected,rssi_only_step15,15.0,89,True,global
injected,rssi_only_step15,15.0,90,True,global;rssi
injected,rssi_only_step15,15.0,91,True,global
injected,rssi_only_step15,15.0,92,True,rssi
injected,rssi_only_step15,15.0,93,False,
injected,rssi_only_step15,15.0,94,True,global
injected,rssi_only_step15,15.0,95,False,
injected,rssi_only_step15,15.0,96,True,rssi
injected,rssi_only_step15,15.0,97,True,rssi
injected,rssi_only_step15,15.0,98,False,
injected,rssi_only_step15,15.0,99,False,
injected,rssi_only_step15,30.0,0,False,
injected,rssi_only_step15,30.0,1,True,global;rssi
injected,rssi_only_step15,30.0,2,True,rssi
injected,rssi_only_step15,30.0,3,False,
injected,rssi_only_step15,30.0,4,True,rssi
injected,rssi_only_step15,30.0,5,True,global;rssi
injected,rssi_only_step15,30.0,6,True,rssi
injected,rssi_only_step15,30.0,7,False,
injected,rssi_only_step15,30.0,8,True,rssi
injected,rssi_only_step15,30.0,9,True,rssi
injected,rssi_only_step15,30.0,10,True,rssi
injected,rssi_only_step15,30.0,11,True,rssi
injected,rssi_only_step15,30.0,12,True,rssi
injected,rssi_only_step15,30.0,13,True,global;rssi
injected,rssi_only_step15,30.0,14,True,rssi
injected,rssi_only_step15,30.0,15,True,rssi
injected,rssi_only_step15,30.0,16,True,global;rssi
injected,rssi_only_step15,30.0,17,True,rssi
injected,rssi_only_step15,30.0,18,True,rssi
injected,rssi_only_step15,30.0,19,True,rssi
injected,rssi_only_step15,30.0,20,True,rssi
injected,rssi_only_step15,30.0,21,True,rssi
injected,rssi_only_step15,30.0,22,True,rssi
injected,rssi_only_step15,30.0,23,True,rssi
injected,rssi_only_step15,30.0,24,True,rssi
injected,rssi_only_step15,30.0,25,True,rssi
injected,rssi_only_step15,30.0,26,True,rssi
injected,rssi_only_step15,30.0,27,True,global;rssi
injected,rssi_only_step15,30.0,28,True,global;rssi
injected,rssi_only_step15,30.0,29,True,rssi
injected,rssi_only_step15,30.0,30,True,global;rssi
injected,rssi_only_step15,30.0,31,True,rssi
injected,rssi_only_step15,30.0,32,True,global;rssi
injected,rssi_only_step15,30.0,33,True,rssi
injected,rssi_only_step15,30.0,34,True,rssi
injected,rssi_only_step15,30.0,35,True,rssi
injected,rssi_only_step15,30.0,36,True,rssi
injected,rssi_only_step15,30.0,37,True,rssi
injected,rssi_only_step15,30.0,38,True,global;rssi
injected,rssi_only_step15,30.0,39,True,rssi
injected,rssi_only_step15,30.0,40,True,rssi
injected,rssi_only_step15,30.0,41,True,rssi
injected,rssi_only_step15,30.0,42,True,global;rssi
injected,rssi_only_step15,30.0,43,True,rssi
injected,rssi_only_step15,30.0,44,True,rssi
injected,rssi_only_step15,30.0,45,True,rssi
injected,rssi_only_step15,30.0,46,True,rssi
injected,rssi_only_step15,30.0,47,True,global;rssi
injected,rssi_only_step15,30.0,48,True,rssi
injected,rssi_only_step15,30.0,49,False,
injected,rssi_only_step15,30.0,50,True,rssi
injected,rssi_only_step15,30.0,51,True,rssi
injected,rssi_only_step15,30.0,52,True,global;rssi
injected,rssi_only_step15,30.0,53,True,rssi
injected,rssi_only_step15,30.0,54,True,global;rssi
injected,rssi_only_step15,30.0,55,True,global
injected,rssi_only_step15,30.0,56,True,global;rssi
injected,rssi_only_step15,30.0,57,True,global;rssi
injected,rssi_only_step15,30.0,58,True,rssi
injected,rssi_only_step15,30.0,59,True,rssi
injected,rssi_only_step15,30.0,60,True,rssi
injected,rssi_only_step15,30.0,61,True,rssi
injected,rssi_only_step15,30.0,62,True,rssi
injected,rssi_only_step15,30.0,63,True,rssi
injected,rssi_only_step15,30.0,64,True,rssi
injected,rssi_only_step15,30.0,65,True,global;rssi
injected,rssi_only_step15,30.0,66,True,rssi
injected,rssi_only_step15,30.0,67,True,rssi
injected,rssi_only_step15,30.0,68,True,rssi
injected,rssi_only_step15,30.0,69,True,rssi
injected,rssi_only_step15,30.0,70,True,rssi
injected,rssi_only_step15,30.0,71,True,rssi
injected,rssi_only_step15,30.0,72,True,rssi
injected,rssi_only_step15,30.0,73,True,rssi
injected,rssi_only_step15,30.0,74,True,rssi
injected,rssi_only_step15,30.0,75,True,rssi
injected,rssi_only_step15,30.0,76,True,rssi
injected,rssi_only_step15,30.0,77,True,rssi
injected,rssi_only_step15,30.0,78,True,rssi
injected,rssi_only_step15,30.0,79,True,rssi
injected,rssi_only_step15,30.0,80,True,global;rssi
injected,rssi_only_step15,30.0,81,True,rssi
injected,rssi_only_step15,30.0,82,True,rssi
injected,rssi_only_step15,30.0,83,False,
injected,rssi_only_step15,30.0,84,True,rssi
injected,rssi_only_step15,30.0,85,True,global;rssi
injected,rssi_only_step15,30.0,86,True,rssi
injected,rssi_only_step15,30.0,87,True,rssi
injected,rssi_only_step15,30.0,88,True,global;rssi
injected,rssi_only_step15,30.0,89,True,rssi
injected,rssi_only_step15,30.0,90,True,global;rssi
injected,rssi_only_step15,30.0,91,True,rssi
injected,rssi_only_step15,30.0,92,True,rssi
injected,rssi_only_step15,30.0,93,True,global;rssi
injected,rssi_only_step15,30.0,94,True,rssi
injected,rssi_only_step15,30.0,95,True,rssi
injected,rssi_only_step15,30.0,96,True,rssi
injected,rssi_only_step15,30.0,97,True,rssi
injected,rssi_only_step15,30.0,98,True,rssi
injected,rssi_only_step15,30.0,99,True,rssi
injected,rssi_only_step15,60.0,0,False,
injected,rssi_only_step15,60.0,1,False,
injected,rssi_only_step15,60.0,2,False,
injected,rssi_only_step15,60.0,3,False,
injected,rssi_only_step15,60.0,4,False,
injected,rssi_only_step15,60.0,5,False,
injected,rssi_only_step15,60.0,6,False,
injected,rssi_only_step15,60.0,7,False,
injected,rssi_only_step15,60.0,8,False,
injected,rssi_only_step15,60.0,9,False,
injected,rssi_only_step15,60.0,10,False,
injected,rssi_only_step15,60.0,11,False,
injected,rssi_only_step15,60.0,12,False,
injected,rssi_only_step15,60.0,13,False,
injected,rssi_only_step15,60.0,14,False,
injected,rssi_only_step15,60.0,15,False,
injected,rssi_only_step15,60.0,16,False,
injected,rssi_only_step15,60.0,17,False,
injected,rssi_only_step15,60.0,18,False,
injected,rssi_only_step15,60.0,19,False,
injected,rssi_only_step15,60.0,20,False,
injected,rssi_only_step15,60.0,21,False,
injected,rssi_only_step15,60.0,22,False,
injected,rssi_only_step15,60.0,23,False,
injected,rssi_only_step15,60.0,24,False,
injected,rssi_only_step15,60.0,25,False,
injected,rssi_only_step15,60.0,26,False,
injected,rssi_only_step15,60.0,27,False,
injected,rssi_only_step15,60.0,28,False,
injected,rssi_only_step15,60.0,29,False,
injected,rssi_only_step15,60.0,30,False,
injected,rssi_only_step15,60.0,31,False,
injected,rssi_only_step15,60.0,32,False,
injected,rssi_only_step15,60.0,33,False,
injected,rssi_only_step15,60.0,34,False,
injected,rssi_only_step15,60.0,35,False,
injected,rssi_only_step15,60.0,36,False,
injected,rssi_only_step15,60.0,37,False,
injected,rssi_only_step15,60.0,38,False,
injected,rssi_only_step15,60.0,39,False,
injected,rssi_only_step15,60.0,40,False,
injected,rssi_only_step15,60.0,41,False,
injected,rssi_only_step15,60.0,42,False,
injected,rssi_only_step15,60.0,43,False,
injected,rssi_only_step15,60.0,44,False,
injected,rssi_only_step15,60.0,45,False,
injected,rssi_only_step15,60.0,46,False,
injected,rssi_only_step15,60.0,47,False,
injected,rssi_only_step15,60.0,48,False,
injected,rssi_only_step15,60.0,49,False,
injected,rssi_only_step15,60.0,50,False,
injected,rssi_only_step15,60.0,51,False,
injected,rssi_only_step15,60.0,52,False,
injected,rssi_only_step15,60.0,53,False,
injected,rssi_only_step15,60.0,54,False,
injected,rssi_only_step15,60.0,55,False,
injected,rssi_only_step15,60.0,56,False,
injected,rssi_only_step15,60.0,57,False,
injected,rssi_only_step15,60.0,58,False,
injected,rssi_only_step15,60.0,59,False,
injected,rssi_only_step15,60.0,60,False,
injected,rssi_only_step15,60.0,61,False,
injected,rssi_only_step15,60.0,62,False,
injected,rssi_only_step15,60.0,63,False,
injected,rssi_only_step15,60.0,64,False,
injected,rssi_only_step15,60.0,65,False,
injected,rssi_only_step15,60.0,66,False,
injected,rssi_only_step15,60.0,67,False,
injected,rssi_only_step15,60.0,68,False,
injected,rssi_only_step15,60.0,69,False,
injected,rssi_only_step15,60.0,70,False,
injected,rssi_only_step15,60.0,71,False,
injected,rssi_only_step15,60.0,72,False,
injected,rssi_only_step15,60.0,73,False,
injected,rssi_only_step15,60.0,74,False,
injected,rssi_only_step15,60.0,75,False,
injected,rssi_only_step15,60.0,76,False,
injected,rssi_only_step15,60.0,77,False,
injected,rssi_only_step15,60.0,78,False,
injected,rssi_only_step15,60.0,79,False,
injected,rssi_only_step15,60.0,80,False,
injected,rssi_only_step15,60.0,81,False,
injected,rssi_only_step15,60.0,82,False,
injected,rssi_only_step15,60.0,83,False,
injected,rssi_only_step15,60.0,84,False,
injected,rssi_only_step15,60.0,85,False,
injected,rssi_only_step15,60.0,86,False,
injected,rssi_only_step15,60.0,87,False,
injected,rssi_only_step15,60.0,88,False,
injected,rssi_only_step15,60.0,89,False,
injected,rssi_only_step15,60.0,90,False,
injected,rssi_only_step15,60.0,91,False,
injected,rssi_only_step15,60.0,92,False,
injected,rssi_only_step15,60.0,93,False,
injected,rssi_only_step15,60.0,94,False,
injected,rssi_only_step15,60.0,95,False,
injected,rssi_only_step15,60.0,96,False,
injected,rssi_only_step15,60.0,97,False,
injected,rssi_only_step15,60.0,98,False,
injected,rssi_only_step15,60.0,99,False,
injected,mcs_only_step15,15.0,0,True,global
injected,mcs_only_step15,15.0,1,True,global
injected,mcs_only_step15,15.0,2,False,
injected,mcs_only_step15,15.0,3,True,global
injected,mcs_only_step15,15.0,4,False,
injected,mcs_only_step15,15.0,5,True,global;mcs
injected,mcs_only_step15,15.0,6,False,
injected,mcs_only_step15,15.0,7,True,global
injected,mcs_only_step15,15.0,8,True,global
injected,mcs_only_step15,15.0,9,False,
injected,mcs_only_step15,15.0,10,True,global
injected,mcs_only_step15,15.0,11,True,global
injected,mcs_only_step15,15.0,12,False,
injected,mcs_only_step15,15.0,13,True,global
injected,mcs_only_step15,15.0,14,True,global
injected,mcs_only_step15,15.0,15,False,
injected,mcs_only_step15,15.0,16,False,
injected,mcs_only_step15,15.0,17,False,
injected,mcs_only_step15,15.0,18,True,global
injected,mcs_only_step15,15.0,19,False,
injected,mcs_only_step15,15.0,20,False,
injected,mcs_only_step15,15.0,21,True,global
injected,mcs_only_step15,15.0,22,True,global
injected,mcs_only_step15,15.0,23,True,global
injected,mcs_only_step15,15.0,24,False,
injected,mcs_only_step15,15.0,25,False,
injected,mcs_only_step15,15.0,26,True,global
injected,mcs_only_step15,15.0,27,True,global
injected,mcs_only_step15,15.0,28,False,
injected,mcs_only_step15,15.0,29,True,global
injected,mcs_only_step15,15.0,30,True,global
injected,mcs_only_step15,15.0,31,False,
injected,mcs_only_step15,15.0,32,True,global
injected,mcs_only_step15,15.0,33,False,
injected,mcs_only_step15,15.0,34,True,global
injected,mcs_only_step15,15.0,35,True,global
injected,mcs_only_step15,15.0,36,True,global
injected,mcs_only_step15,15.0,37,False,
injected,mcs_only_step15,15.0,38,True,global
injected,mcs_only_step15,15.0,39,True,global
injected,mcs_only_step15,15.0,40,False,
injected,mcs_only_step15,15.0,41,True,global;mcs
injected,mcs_only_step15,15.0,42,True,global
injected,mcs_only_step15,15.0,43,False,
injected,mcs_only_step15,15.0,44,False,
injected,mcs_only_step15,15.0,45,True,global
injected,mcs_only_step15,15.0,46,False,
injected,mcs_only_step15,15.0,47,False,
injected,mcs_only_step15,15.0,48,False,
injected,mcs_only_step15,15.0,49,True,global
injected,mcs_only_step15,15.0,50,True,global
injected,mcs_only_step15,15.0,51,True,global
injected,mcs_only_step15,15.0,52,True,global
injected,mcs_only_step15,15.0,53,False,
injected,mcs_only_step15,15.0,54,True,global
injected,mcs_only_step15,15.0,55,True,global
injected,mcs_only_step15,15.0,56,False,
injected,mcs_only_step15,15.0,57,False,
injected,mcs_only_step15,15.0,58,False,
injected,mcs_only_step15,15.0,59,True,mcs
injected,mcs_only_step15,15.0,60,True,global
injected,mcs_only_step15,15.0,61,False,
injected,mcs_only_step15,15.0,62,True,global
injected,mcs_only_step15,15.0,63,False,
injected,mcs_only_step15,15.0,64,True,global
injected,mcs_only_step15,15.0,65,False,
injected,mcs_only_step15,15.0,66,True,global
injected,mcs_only_step15,15.0,67,False,
injected,mcs_only_step15,15.0,68,False,
injected,mcs_only_step15,15.0,69,False,
injected,mcs_only_step15,15.0,70,False,
injected,mcs_only_step15,15.0,71,True,global
injected,mcs_only_step15,15.0,72,False,
injected,mcs_only_step15,15.0,73,False,
injected,mcs_only_step15,15.0,74,False,
injected,mcs_only_step15,15.0,75,False,
injected,mcs_only_step15,15.0,76,False,
injected,mcs_only_step15,15.0,77,False,
injected,mcs_only_step15,15.0,78,True,global
injected,mcs_only_step15,15.0,79,False,
injected,mcs_only_step15,15.0,80,False,
injected,mcs_only_step15,15.0,81,False,
injected,mcs_only_step15,15.0,82,False,
injected,mcs_only_step15,15.0,83,True,global;mcs
injected,mcs_only_step15,15.0,84,False,
injected,mcs_only_step15,15.0,85,False,
injected,mcs_only_step15,15.0,86,False,
injected,mcs_only_step15,15.0,87,False,
injected,mcs_only_step15,15.0,88,False,
injected,mcs_only_step15,15.0,89,True,global
injected,mcs_only_step15,15.0,90,True,global
injected,mcs_only_step15,15.0,91,True,global
injected,mcs_only_step15,15.0,92,False,
injected,mcs_only_step15,15.0,93,False,
injected,mcs_only_step15,15.0,94,True,global
injected,mcs_only_step15,15.0,95,False,
injected,mcs_only_step15,15.0,96,False,
injected,mcs_only_step15,15.0,97,False,
injected,mcs_only_step15,15.0,98,True,mcs
injected,mcs_only_step15,15.0,99,False,
injected,mcs_only_step15,30.0,0,False,
injected,mcs_only_step15,30.0,1,True,global
injected,mcs_only_step15,30.0,2,False,
injected,mcs_only_step15,30.0,3,True,mcs
injected,mcs_only_step15,30.0,4,False,
injected,mcs_only_step15,30.0,5,True,global;mcs
injected,mcs_only_step15,30.0,6,False,
injected,mcs_only_step15,30.0,7,True,mcs
injected,mcs_only_step15,30.0,8,False,
injected,mcs_only_step15,30.0,9,False,
injected,mcs_only_step15,30.0,10,True,mcs
injected,mcs_only_step15,30.0,11,False,
injected,mcs_only_step15,30.0,12,False,
injected,mcs_only_step15,30.0,13,True,global
injected,mcs_only_step15,30.0,14,True,mcs
injected,mcs_only_step15,30.0,15,True,mcs
injected,mcs_only_step15,30.0,16,True,global
injected,mcs_only_step15,30.0,17,False,
injected,mcs_only_step15,30.0,18,False,
injected,mcs_only_step15,30.0,19,False,
injected,mcs_only_step15,30.0,20,True,mcs
injected,mcs_only_step15,30.0,21,False,
injected,mcs_only_step15,30.0,22,False,
injected,mcs_only_step15,30.0,23,False,
injected,mcs_only_step15,30.0,24,False,
injected,mcs_only_step15,30.0,25,False,
injected,mcs_only_step15,30.0,26,True,mcs
injected,mcs_only_step15,30.0,27,True,global
injected,mcs_only_step15,30.0,28,True,global
injected,mcs_only_step15,30.0,29,True,mcs
injected,mcs_only_step15,30.0,30,True,global
injected,mcs_only_step15,30.0,31,False,
injected,mcs_only_step15,30.0,32,True,global;mcs
injected,mcs_only_step15,30.0,33,False,
injected,mcs_only_step15,30.0,34,False,
injected,mcs_only_step15,30.0,35,False,
injected,mcs_only_step15,30.0,36,True,mcs
injected,mcs_only_step15,30.0,37,False,
injected,mcs_only_step15,30.0,38,True,global
injected,mcs_only_step15,30.0,39,False,
injected,mcs_only_step15,30.0,40,False,
injected,mcs_only_step15,30.0,41,False,
injected,mcs_only_step15,30.0,42,True,global;mcs
injected,mcs_only_step15,30.0,43,False,
injected,mcs_only_step15,30.0,44,False,
injected,mcs_only_step15,30.0,45,False,
injected,mcs_only_step15,30.0,46,False,
injected,mcs_only_step15,30.0,47,True,global;mcs
injected,mcs_only_step15,30.0,48,False,
injected,mcs_only_step15,30.0,49,True,mcs
injected,mcs_only_step15,30.0,50,False,
injected,mcs_only_step15,30.0,51,False,
injected,mcs_only_step15,30.0,52,True,global;mcs
injected,mcs_only_step15,30.0,53,False,
injected,mcs_only_step15,30.0,54,True,global
injected,mcs_only_step15,30.0,55,True,global
injected,mcs_only_step15,30.0,56,True,global;mcs
injected,mcs_only_step15,30.0,57,True,global
injected,mcs_only_step15,30.0,58,True,mcs
injected,mcs_only_step15,30.0,59,False,
injected,mcs_only_step15,30.0,60,False,
injected,mcs_only_step15,30.0,61,False,
injected,mcs_only_step15,30.0,62,False,
injected,mcs_only_step15,30.0,63,False,
injected,mcs_only_step15,30.0,64,True,mcs
injected,mcs_only_step15,30.0,65,True,global;mcs
injected,mcs_only_step15,30.0,66,True,mcs
injected,mcs_only_step15,30.0,67,False,
injected,mcs_only_step15,30.0,68,False,
injected,mcs_only_step15,30.0,69,False,
injected,mcs_only_step15,30.0,70,False,
injected,mcs_only_step15,30.0,71,False,
injected,mcs_only_step15,30.0,72,False,
injected,mcs_only_step15,30.0,73,False,
injected,mcs_only_step15,30.0,74,False,
injected,mcs_only_step15,30.0,75,False,
injected,mcs_only_step15,30.0,76,True,mcs
injected,mcs_only_step15,30.0,77,False,
injected,mcs_only_step15,30.0,78,True,mcs
injected,mcs_only_step15,30.0,79,False,
injected,mcs_only_step15,30.0,80,True,global
injected,mcs_only_step15,30.0,81,False,
injected,mcs_only_step15,30.0,82,True,mcs
injected,mcs_only_step15,30.0,83,True,mcs
injected,mcs_only_step15,30.0,84,False,
injected,mcs_only_step15,30.0,85,True,global
injected,mcs_only_step15,30.0,86,False,
injected,mcs_only_step15,30.0,87,False,
injected,mcs_only_step15,30.0,88,True,global
injected,mcs_only_step15,30.0,89,True,mcs
injected,mcs_only_step15,30.0,90,True,global;mcs
injected,mcs_only_step15,30.0,91,True,mcs
injected,mcs_only_step15,30.0,92,False,
injected,mcs_only_step15,30.0,93,True,global
injected,mcs_only_step15,30.0,94,False,
injected,mcs_only_step15,30.0,95,True,mcs
injected,mcs_only_step15,30.0,96,False,
injected,mcs_only_step15,30.0,97,True,mcs
injected,mcs_only_step15,30.0,98,True,mcs
injected,mcs_only_step15,30.0,99,True,mcs
injected,mcs_only_step15,60.0,0,False,
injected,mcs_only_step15,60.0,1,False,
injected,mcs_only_step15,60.0,2,False,
injected,mcs_only_step15,60.0,3,True,mcs
injected,mcs_only_step15,60.0,4,False,
injected,mcs_only_step15,60.0,5,False,
injected,mcs_only_step15,60.0,6,False,
injected,mcs_only_step15,60.0,7,True,mcs
injected,mcs_only_step15,60.0,8,False,
injected,mcs_only_step15,60.0,9,False,
injected,mcs_only_step15,60.0,10,True,mcs
injected,mcs_only_step15,60.0,11,False,
injected,mcs_only_step15,60.0,12,False,
injected,mcs_only_step15,60.0,13,False,
injected,mcs_only_step15,60.0,14,True,mcs
injected,mcs_only_step15,60.0,15,True,mcs
injected,mcs_only_step15,60.0,16,False,
injected,mcs_only_step15,60.0,17,False,
injected,mcs_only_step15,60.0,18,False,
injected,mcs_only_step15,60.0,19,False,
injected,mcs_only_step15,60.0,20,True,mcs
injected,mcs_only_step15,60.0,21,False,
injected,mcs_only_step15,60.0,22,False,
injected,mcs_only_step15,60.0,23,False,
injected,mcs_only_step15,60.0,24,False,
injected,mcs_only_step15,60.0,25,False,
injected,mcs_only_step15,60.0,26,True,mcs
injected,mcs_only_step15,60.0,27,False,
injected,mcs_only_step15,60.0,28,False,
injected,mcs_only_step15,60.0,29,True,mcs
injected,mcs_only_step15,60.0,30,False,
injected,mcs_only_step15,60.0,31,False,
injected,mcs_only_step15,60.0,32,True,mcs
injected,mcs_only_step15,60.0,33,False,
injected,mcs_only_step15,60.0,34,False,
injected,mcs_only_step15,60.0,35,False,
injected,mcs_only_step15,60.0,36,True,mcs
injected,mcs_only_step15,60.0,37,False,
injected,mcs_only_step15,60.0,38,False,
injected,mcs_only_step15,60.0,39,False,
injected,mcs_only_step15,60.0,40,False,
injected,mcs_only_step15,60.0,41,False,
injected,mcs_only_step15,60.0,42,True,mcs
injected,mcs_only_step15,60.0,43,False,
injected,mcs_only_step15,60.0,44,False,
injected,mcs_only_step15,60.0,45,False,
injected,mcs_only_step15,60.0,46,False,
injected,mcs_only_step15,60.0,47,True,mcs
injected,mcs_only_step15,60.0,48,False,
injected,mcs_only_step15,60.0,49,True,mcs
injected,mcs_only_step15,60.0,50,False,
injected,mcs_only_step15,60.0,51,False,
injected,mcs_only_step15,60.0,52,True,mcs
injected,mcs_only_step15,60.0,53,False,
injected,mcs_only_step15,60.0,54,False,
injected,mcs_only_step15,60.0,55,False,
injected,mcs_only_step15,60.0,56,True,mcs
injected,mcs_only_step15,60.0,57,False,
injected,mcs_only_step15,60.0,58,True,mcs
injected,mcs_only_step15,60.0,59,False,
injected,mcs_only_step15,60.0,60,False,
injected,mcs_only_step15,60.0,61,False,
injected,mcs_only_step15,60.0,62,False,
injected,mcs_only_step15,60.0,63,False,
injected,mcs_only_step15,60.0,64,True,mcs
injected,mcs_only_step15,60.0,65,True,mcs
injected,mcs_only_step15,60.0,66,True,mcs
injected,mcs_only_step15,60.0,67,False,
injected,mcs_only_step15,60.0,68,False,
injected,mcs_only_step15,60.0,69,False,
injected,mcs_only_step15,60.0,70,False,
injected,mcs_only_step15,60.0,71,False,
injected,mcs_only_step15,60.0,72,False,
injected,mcs_only_step15,60.0,73,False,
injected,mcs_only_step15,60.0,74,False,
injected,mcs_only_step15,60.0,75,False,
injected,mcs_only_step15,60.0,76,True,mcs
injected,mcs_only_step15,60.0,77,False,
injected,mcs_only_step15,60.0,78,True,mcs
injected,mcs_only_step15,60.0,79,False,
injected,mcs_only_step15,60.0,80,False,
injected,mcs_only_step15,60.0,81,False,
injected,mcs_only_step15,60.0,82,True,mcs
injected,mcs_only_step15,60.0,83,True,mcs
injected,mcs_only_step15,60.0,84,False,
injected,mcs_only_step15,60.0,85,False,
injected,mcs_only_step15,60.0,86,False,
injected,mcs_only_step15,60.0,87,False,
injected,mcs_only_step15,60.0,88,False,
injected,mcs_only_step15,60.0,89,True,mcs
injected,mcs_only_step15,60.0,90,True,mcs
injected,mcs_only_step15,60.0,91,True,mcs
injected,mcs_only_step15,60.0,92,False,
injected,mcs_only_step15,60.0,93,False,
injected,mcs_only_step15,60.0,94,False,
injected,mcs_only_step15,60.0,95,True,mcs
injected,mcs_only_step15,60.0,96,False,
injected,mcs_only_step15,60.0,97,True,mcs
injected,mcs_only_step15,60.0,98,True,mcs
injected,mcs_only_step15,60.0,99,True,mcs
null,null_shift,,0,False,
null,null_shift,,1,False,
null,null_shift,,2,False,
null,null_shift,,3,False,
null,null_shift,,4,False,
null,null_shift,,5,False,
null,null_shift,,6,False,
null,null_shift,,7,False,
null,null_shift,,8,False,
null,null_shift,,9,False,
null,null_shift,,10,False,
null,null_shift,,11,False,
null,null_shift,,12,False,
null,null_shift,,13,False,
null,null_shift,,14,False,
null,null_shift,,15,False,
null,null_shift,,16,False,
null,null_shift,,17,False,
null,null_shift,,18,False,
null,null_shift,,19,False,
null,null_shift,,20,False,
null,null_shift,,21,False,
null,null_shift,,22,False,
null,null_shift,,23,False,
null,null_shift,,24,True,rssi
null,null_shift,,25,False,
null,null_shift,,26,False,
null,null_shift,,27,False,
null,null_shift,,28,False,
null,null_shift,,29,False,
null,null_shift,,30,False,
null,null_shift,,31,False,
null,null_shift,,32,False,
null,null_shift,,33,False,
null,null_shift,,34,False,
null,null_shift,,35,False,
null,null_shift,,36,False,
null,null_shift,,37,False,
null,null_shift,,38,False,
null,null_shift,,39,False,
null,null_shift,,40,False,
null,null_shift,,41,False,
null,null_shift,,42,False,
null,null_shift,,43,False,
null,null_shift,,44,False,
null,null_shift,,45,False,
null,null_shift,,46,False,
null,null_shift,,47,False,
null,null_shift,,48,False,
null,null_shift,,49,False,
null,null_shift,,50,False,
null,null_shift,,51,False,
null,null_shift,,52,False,
null,null_shift,,53,False,
null,null_shift,,54,False,
null,null_shift,,55,False,
null,null_shift,,56,False,
null,null_shift,,57,False,
null,null_shift,,58,False,
null,null_shift,,59,False,
null,null_shift,,60,False,
null,null_shift,,61,False,
null,null_shift,,62,False,
null,null_shift,,63,False,
null,null_shift,,64,False,
null,null_shift,,65,False,
null,null_shift,,66,False,
null,null_shift,,67,False,
null,null_shift,,68,False,
null,null_shift,,69,False,
null,null_shift,,70,False,
null,null_shift,,71,False,
null,null_shift,,72,False,
null,null_shift,,73,False,
null,null_shift,,74,False,
null,null_shift,,75,False,
null,null_shift,,76,False,
null,null_shift,,77,False,
null,null_shift,,78,False,
null,null_shift,,79,False,
null,null_shift,,80,False,
null,null_shift,,81,False,
null,null_shift,,82,False,
null,null_shift,,83,False,
null,null_shift,,84,True,mcs
null,null_shift,,85,False,
null,null_shift,,86,False,
null,null_shift,,87,False,
null,null_shift,,88,False,
null,null_shift,,89,False,
null,null_shift,,90,False,
null,null_shift,,91,False,
null,null_shift,,92,False,
null,null_shift,,93,False,
null,null_shift,,94,False,
null,null_shift,,95,False,
null,null_shift,,96,False,
null,null_shift,,97,False,
null,null_shift,,98,False,
null,null_shift,,99,False,
null,null_shift,,100,False,
null,null_shift,,101,False,
null,null_shift,,102,False,
null,null_shift,,103,False,
null,null_shift,,104,False,
null,null_shift,,105,False,
null,null_shift,,106,False,
null,null_shift,,107,False,
null,null_shift,,108,False,
null,null_shift,,109,False,
null,null_shift,,110,False,
null,null_shift,,111,False,
null,null_shift,,112,False,
null,null_shift,,113,False,
null,null_shift,,114,False,
null,null_shift,,115,False,
null,null_shift,,116,False,
null,null_shift,,117,False,
null,null_shift,,118,False,
null,null_shift,,119,False,
null,null_shift,,120,False,
null,null_shift,,121,False,
null,null_shift,,122,False,
null,null_shift,,123,False,
null,null_shift,,124,False,
null,null_shift,,125,False,
null,null_shift,,126,False,
null,null_shift,,127,False,
null,null_shift,,128,False,
null,null_shift,,129,False,
null,null_shift,,130,False,
null,null_shift,,131,False,
null,null_shift,,132,False,
null,null_shift,,133,False,
null,null_shift,,134,False,
null,null_shift,,135,False,
null,null_shift,,136,False,
null,null_shift,,137,False,
null,null_shift,,138,False,
null,null_shift,,139,False,
null,null_shift,,140,False,
null,null_shift,,141,False,
null,null_shift,,142,False,
null,null_shift,,143,True,global
null,null_shift,,144,False,
null,null_shift,,145,False,
null,null_shift,,146,False,
null,null_shift,,147,False,
null,null_shift,,148,False,
null,null_shift,,149,False,
null,null_shift,,150,False,
null,null_shift,,151,False,
null,null_shift,,152,False,
null,null_shift,,153,False,
null,null_shift,,154,False,
null,null_shift,,155,False,
null,null_shift,,156,False,
null,null_shift,,157,False,
null,null_shift,,158,False,
null,null_shift,,159,False,
null,null_shift,,160,False,
null,null_shift,,161,False,
null,null_shift,,162,False,
null,null_shift,,163,False,
null,null_shift,,164,False,
null,null_shift,,165,False,
null,null_shift,,166,False,
null,null_shift,,167,False,
null,null_shift,,168,False,
null,null_shift,,169,False,
null,null_shift,,170,False,
null,null_shift,,171,False,
null,null_shift,,172,False,
null,null_shift,,173,False,
null,null_shift,,174,False,
null,null_shift,,175,False,
null,null_shift,,176,False,
null,null_shift,,177,False,
null,null_shift,,178,False,
null,null_shift,,179,False,
null,null_shift,,180,False,
null,null_shift,,181,False,
null,null_shift,,182,False,
null,null_shift,,183,False,
null,null_shift,,184,False,
null,null_shift,,185,False,
null,null_shift,,186,False,
null,null_shift,,187,False,
null,null_shift,,188,False,
null,null_shift,,189,False,
null,null_shift,,190,True,mcs
null,null_shift,,191,False,
null,null_shift,,192,False,
null,null_shift,,193,False,
null,null_shift,,194,False,
null,null_shift,,195,False,
null,null_shift,,196,False,
null,null_shift,,197,False,
null,null_shift,,198,True,snr
null,null_shift,,199,False,
null,null_shift,,200,False,
null,null_shift,,201,False,
null,null_shift,,202,False,
null,null_shift,,203,False,
null,null_shift,,204,False,
null,null_shift,,205,False,
null,null_shift,,206,True,global
null,null_shift,,207,False,
null,null_shift,,208,True,global
null,null_shift,,209,False,
null,null_shift,,210,False,
null,null_shift,,211,False,
null,null_shift,,212,False,
null,null_shift,,213,False,
null,null_shift,,214,False,
null,null_shift,,215,False,
null,null_shift,,216,False,
null,null_shift,,217,False,
null,null_shift,,218,False,
null,null_shift,,219,False,
null,null_shift,,220,False,
null,null_shift,,221,False,
null,null_shift,,222,False,
null,null_shift,,223,False,
null,null_shift,,224,False,
null,null_shift,,225,False,
null,null_shift,,226,False,
null,null_shift,,227,False,
null,null_shift,,228,False,
null,null_shift,,229,False,
null,null_shift,,230,False,
null,null_shift,,231,False,
null,null_shift,,232,False,
null,null_shift,,233,False,
null,null_shift,,234,False,
null,null_shift,,235,True,mcs
null,null_shift,,236,False,
null,null_shift,,237,False,
null,null_shift,,238,False,
null,null_shift,,239,False,
null,null_shift,,240,False,
null,null_shift,,241,False,
null,null_shift,,242,False,
null,null_shift,,243,False,
null,null_shift,,244,False,
null,null_shift,,245,False,
null,null_shift,,246,False,
null,null_shift,,247,False,
null,null_shift,,248,False,
null,null_shift,,249,False,
null,null_shift,,250,False,
null,null_shift,,251,False,
null,null_shift,,252,False,
null,null_shift,,253,False,
null,null_shift,,254,False,
null,null_shift,,255,False,
null,null_shift,,256,False,
null,null_shift,,257,False,
null,null_shift,,258,False,
null,null_shift,,259,False,
null,null_shift,,260,False,
null,null_shift,,261,False,
null,null_shift,,262,False,
null,null_shift,,263,False,
null,null_shift,,264,False,
null,null_shift,,265,False,
null,null_shift,,266,False,
null,null_shift,,267,False,
null,null_shift,,268,False,
null,null_shift,,269,False,
null,null_shift,,270,False,
null,null_shift,,271,False,
null,null_shift,,272,False,
null,null_shift,,273,False,
null,null_shift,,274,False,
null,null_shift,,275,False,
null,null_shift,,276,False,
null,null_shift,,277,False,
null,null_shift,,278,False,
null,null_shift,,279,False,
null,null_shift,,280,False,
null,null_shift,,281,False,
null,null_shift,,282,False,
null,null_shift,,283,False,
null,null_shift,,284,False,
null,null_shift,,285,False,
null,null_shift,,286,False,
null,null_shift,,287,False,
null,null_shift,,288,False,
null,null_shift,,289,False,
null,null_shift,,290,False,
null,null_shift,,291,False,
null,null_shift,,292,False,
null,null_shift,,293,False,
null,null_shift,,294,False,
null,null_shift,,295,False,
null,null_shift,,296,False,
null,null_shift,,297,False,
null,null_shift,,298,False,
null,null_shift,,299,False,
null,null_shift,,300,False,
null,null_shift,,301,False,
null,null_shift,,302,False,
null,null_shift,,303,False,
null,null_shift,,304,False,
null,null_shift,,305,False,
null,null_shift,,306,False,
null,null_shift,,307,False,
null,null_shift,,308,False,
null,null_shift,,309,False,
null,null_shift,,310,False,
null,null_shift,,311,False,
null,null_shift,,312,False,
null,null_shift,,313,False,
null,null_shift,,314,False,
null,null_shift,,315,False,
null,null_shift,,316,False,
null,null_shift,,317,False,
null,null_shift,,318,False,
null,null_shift,,319,False,
null,null_shift,,320,False,
null,null_shift,,321,False,
null,null_shift,,322,False,
null,null_shift,,323,False,
null,null_shift,,324,False,
null,null_shift,,325,False,
null,null_shift,,326,False,
null,null_shift,,327,False,
null,null_shift,,328,False,
null,null_shift,,329,False,
null,null_shift,,330,False,
null,null_shift,,331,False,
null,null_shift,,332,False,
null,null_shift,,333,False,
null,null_shift,,334,False,
null,null_shift,,335,False,
null,null_shift,,336,False,
null,null_shift,,337,False,
null,null_shift,,338,False,
null,null_shift,,339,False,
null,null_shift,,340,False,
null,null_shift,,341,False,
null,null_shift,,342,False,
null,null_shift,,343,False,
null,null_shift,,344,False,
null,null_shift,,345,False,
null,null_shift,,346,False,
null,null_shift,,347,False,
null,null_shift,,348,False,
null,null_shift,,349,False,
null,null_shift,,350,False,
null,null_shift,,351,False,
null,null_shift,,352,False,
null,null_shift,,353,False,
null,null_shift,,354,False,
null,null_shift,,355,False,
null,null_shift,,356,False,
null,null_shift,,357,False,
null,null_shift,,358,False,
null,null_shift,,359,False,
null,null_shift,,360,False,
null,null_shift,,361,False,
null,null_shift,,362,False,
null,null_shift,,363,False,
null,null_shift,,364,False,
null,null_shift,,365,False,
null,null_shift,,366,False,
null,null_shift,,367,False,
null,null_shift,,368,False,
null,null_shift,,369,False,
null,null_shift,,370,False,
null,null_shift,,371,False,
null,null_shift,,372,False,
null,null_shift,,373,False,
null,null_shift,,374,False,
null,null_shift,,375,False,
null,null_shift,,376,False,
null,null_shift,,377,False,
null,null_shift,,378,False,
null,null_shift,,379,False,
null,null_shift,,380,False,
null,null_shift,,381,False,
null,null_shift,,382,False,
null,null_shift,,383,False,
null,null_shift,,384,False,
null,null_shift,,385,False,
null,null_shift,,386,False,
null,null_shift,,387,False,
null,null_shift,,388,False,
null,null_shift,,389,False,
null,null_shift,,390,False,
null,null_shift,,391,False,
null,null_shift,,392,False,
null,null_shift,,393,False,
null,null_shift,,394,False,
null,null_shift,,395,False,
null,null_shift,,396,False,
null,null_shift,,397,False,
null,null_shift,,398,False,
null,null_shift,,399,False,
null,null_shift,,400,False,
null,null_shift,,401,False,
null,null_shift,,402,False,
null,null_shift,,403,False,
null,null_shift,,404,False,
null,null_shift,,405,False,
null,null_shift,,406,False,
null,null_shift,,407,False,
null,null_shift,,408,False,
null,null_shift,,409,False,
null,null_shift,,410,False,
null,null_shift,,411,False,
null,null_shift,,412,False,
null,null_shift,,413,False,
null,null_shift,,414,False,
null,null_shift,,415,False,
null,null_shift,,416,False,
null,null_shift,,417,False,
null,null_shift,,418,False,
null,null_shift,,419,False,
null,null_shift,,420,False,
null,null_shift,,421,False,
null,null_shift,,422,False,
null,null_shift,,423,False,
null,null_shift,,424,False,
null,null_shift,,425,False,
null,null_shift,,426,True,mcs
null,null_shift,,427,False,
null,null_shift,,428,False,
null,null_shift,,429,False,
null,null_shift,,430,False,
null,null_shift,,431,False,
null,null_shift,,432,False,
null,null_shift,,433,False,
null,null_shift,,434,False,
null,null_shift,,435,False,
null,null_shift,,436,False,
null,null_shift,,437,False,
null,null_shift,,438,False,
null,null_shift,,439,False,
null,null_shift,,440,False,
null,null_shift,,441,False,
null,null_shift,,442,False,
null,null_shift,,443,False,
null,null_shift,,444,False,
null,null_shift,,445,True,global
null,null_shift,,446,False,
null,null_shift,,447,False,
null,null_shift,,448,False,
null,null_shift,,449,False,
null,null_shift,,450,False,
null,null_shift,,451,False,
null,null_shift,,452,False,
null,null_shift,,453,False,
null,null_shift,,454,False,
null,null_shift,,455,False,
null,null_shift,,456,False,
null,null_shift,,457,False,
null,null_shift,,458,False,
null,null_shift,,459,False,
null,null_shift,,460,False,
null,null_shift,,461,False,
null,null_shift,,462,False,
null,null_shift,,463,True,snr
null,null_shift,,464,False,
null,null_shift,,465,False,
null,null_shift,,466,False,
null,null_shift,,467,False,
null,null_shift,,468,False,
null,null_shift,,469,False,
null,null_shift,,470,False,
null,null_shift,,471,False,
null,null_shift,,472,False,
null,null_shift,,473,False,
null,null_shift,,474,False,
null,null_shift,,475,False,
null,null_shift,,476,False,
null,null_shift,,477,True,mcs
null,null_shift,,478,False,
null,null_shift,,479,False,
null,null_shift,,480,False,
null,null_shift,,481,False,
null,null_shift,,482,False,
null,null_shift,,483,False,
null,null_shift,,484,False,
null,null_shift,,485,False,
null,null_shift,,486,False,
null,null_shift,,487,False,
null,null_shift,,488,False,
null,null_shift,,489,False,
null,null_shift,,490,False,
null,null_shift,,491,False,
null,null_shift,,492,False,
null,null_shift,,493,False,
null,null_shift,,494,False,
null,null_shift,,495,False,
null,null_shift,,496,False,
null,null_shift,,497,False,
null,null_shift,,498,False,
null,null_shift,,499,False,
