timestamp_utc,bin_index,mcs_jump_90,mcs_contribution,analog_contribution,analog_event_exact,analog_event_within_15min,dl_mcs_delta,ul_mcs_delta
2026-09-01T18:50:00+00:00,4,False,0.0,-0.5620817932460992,True,True,0.0,0.0
2026-09-01T20:05:00+00:00,19,False,0.0,-0.8993302531588651,True,True,0.0,0.0
2026-09-01T21:35:00+00:00,37,False,0.11241512657943253,-0.8993302531588651,True,True,0.0,1.0
2026-09-01T23:25:00+00:00,59,False,0.11241512657943253,-0.7869151265794324,True,True,0.0,1.0
2026-09-02T00:10:00+00:00,68,False,-0.11241512657943253,-0.44966666666666666,True,True,0.0,-1.0
2026-09-02T03:15:00+00:00,105,False,0.11241512657943253,-0.6745,True,True,0.0,1.0
2026-09-02T03:55:00+00:00,113,True,-11.12909753136382,-0.5620817932460992,True,True,0.0,-99.0
2026-09-02T05:35:00+00:00,133,False,0.0,-0.5620817932460992,True,True,0.0,0.0
2026-09-02T07:15:00+00:00,153,False,-0.14068266081947622,-0.44966666666666666,False,False,-1.0,-1.0
2026-09-02T11:25:00+00:00,203,True,-11.12909753136382,-0.44966666666666666,False,False,0.0,-99.0
2026-09-02T12:30:00+00:00,216,False,-0.14068266081947622,-0.6745,True,True,-1.0,-1.0
2026-09-02T13:25:00+00:00,227,False,-0.11241512657943253,-0.44966666666666666,False,False,0.0,-1.0
2026-09-02T15:10:00+00:00,248,False,-0.11241512657943253,-0.8993333333333333,True,True,0.0,-1.0
2026-09-02T15:40:00+00:00,254,False,-0.14068266081947622,-0.6745,True,True,-1.0,-1.0
2026-09-02T16:25:00+00:00,263,False,-0.028267534240043694,-0.7869151265794324,True,True,-1.0,0.0
2026-09-02T16:55:00+00:00,269,False,0.0,-0.6745,True,True,0.0,0.0
2026-09-02T20:00:00+00:00,306,True,-2.8267534240043695,0.22483333333333333,False,False,-100.0,0.0
2026-09-02T20:40:00+00:00,314,False,-0.11241512657943253,-0.7869151265794324,False,False,0.0,-1.0
2026-09-02T21:10:00+00:00,320,False,0.0,-0.8993302531588651,True,True,0.0,0.0
2026-09-02T22:10:00+00:00,332,False,0.0,-0.5620817932460992,True,True,0.0,0.0
2026-09-02T22:55:00+00:00,341,True,-11.12909753136382,0.11241512657943253,False,False,0.0,-99.0
2026-09-02T23:30:00+00:00,348,False,0.0,-0.5620817932460992,True,True,0.0,0.0
2026-09-03T00:10:00+00:00,356,False,0.0,-0.5620817932460992,True,True,0.0,0.0
2026-09-03T01:35:00+00:00,373,False,0.0,-1.0117484599127657,True,True,0.0,0.0
2026-09-03T02:20:00+00:00,382,False,-0.11241512657943253,-0.5620817932460992,True,True,0.0,-1.0
2026-09-03T04:55:00+00:00,413,False,-0.11241512657943253,-0.44966666666666666,False,False,0.0,-1.0
2026-09-03T07:45:00+00:00,447,False,0.0,-0.5620817932460992,True,True,0.0,0.0
2026-09-03T08:45:00+00:00,459,False,-0.11241512657943253,-0.5620817932460992,True,True,0.0,-1.0
2026-09-03T10:35:00+00:00,481,False,0.0,-0.5620817932460992,True,True,0.0,0.0
2026-09-03T11:25:00+00:00,491,False,-0.11241512657943253,-0.5620848734205675,True,True,0.0,-1.0
2026-09-03T12:40:00+00:00,506,False,-0.11241512657943253,-0.5620817932460992,True,True,0.0,-1.0
2026-09-03T16:25:00+00:00,551,False,0.0,-0.5620817932460992,True,True,0.0,0.0
2026-09-03T17:10:00+00:00,560,False,0.0,-0.8993302531588651,True,True,0.0,0.0
2026-09-03T17:45:00+00:00,567,False,0.0,-0.7869151265794324,True,True,0.0,0.0
2026-09-03T21:20:00+00:00,610,False,-0.11241512657943253,-0.5620848734205675,True,True,0.0,-1.0
2026-09-03T23:15:00+00:00,633,False,0.11241512657943253,-0.7869151265794324,True,True,0.0,1.0
2026-09-04T01:20:00+00:00,658,True,-2.8267534240043695,-0.33724845991276586,False,False,-100.0,0.0
2026-09-04T02:40:00+00:00,674,False,0.11241512657943253,-0.6745,True,True,0.0,1.0
2026-09-04T03:20:00+00:00,682,False,0.0,-0.6745,True,True,0.0,0.0
2026-09-04T04:05:00+00:00,691,False,-0.11241512657943253,-0.7869151265794324,True,True,0.0,-1.0
2026-09-04T05:25:00+00:00,707,True,-11.241512657943254,-0.11241512657943253,False,False,0.0,-100.0
2026-09-04T08:35:00+00:00,745,False,0.0,-0.8993302531588651,True,True,0.0,0.0
2026-09-04T12:40:00+00:00,794,False,0.11241512657943253,-0.6745,True,True,0.0,1.0
2026-09-04T22:00:00+00:00,906,False,-0.11241512657943253,-0.44966666666666666,False,False,0.0,-1.0
2026-09-05T00:25:00+00:00,935,False,-0.11241512657943253,-0.5620817932460992,True,True,0.0,-1.0
2026-09-05T01:20:00+00:00,946,True,-11.241512657943254,-0.1124182067539008,False,False,0.0,-100.0
2026-09-05T02:10:00+00:00,956,False,0.0,-0.7869151265794324,True,True,0.0,0.0
2026-09-05T02:40:00+00:00,962,True,-2.8267534240043695,-0.5620817932460992,True,True,-100.0,0.0
2026-09-05T05:15:00+00:00,993,False,0.0,-0.5620817932460992,True,True,0.0,0.0
2026-09-05T06:50:00+00:00,1012,False,-0.11241512657943253,-0.44966666666666666,True,True,0.0,-1.0
2026-09-05T08:30:00+00:00,1032,True,-2.685415752804151,-0.11241512657943253,False,False,-95.0,0.0
2026-09-05T09:00:00+00:00,1038,False,0.0,-0.6745,True,True,0.0,0.0
2026-09-05T12:00:00+00:00,1074,False,0.0,-0.5620817932460992,True,True,0.0,0.0
2026-09-05T15:45:00+00:00,1119,False,0.0,-1.1241666666666665,True,True,0.0,0.0
2026-09-05T19:25:00+00:00,1163,False,-0.11241512657943253,-0.5620817932460992,True,True,0.0,-1.0
2026-09-05T20:50:00+00:00,1180,True,-11.12909753136382,-0.22483333333333333,False,False,0.0,-99.0
2026-09-05T22:15:00+00:00,1197,False,-0.11241512657943253,-0.8993302531588651,True,True,0.0,-1.0
2026-09-06T02:15:00+00:00,1245,False,-0.11241512657943253,-0.6745,False,True,0.0,-1.0
2026-09-06T06:30:00+00:00,1296,False,-0.11241512657943253,-0.6745,True,True,0.0,-1.0
2026-09-06T07:05:00+00:00,1303,False,0.0,-0.6745,True,True,0.0,0.0
2026-09-06T09:15:00+00:00,1329,False,0.0,-0.5620848734205675,True,True,0.0,0.0
2026-09-06T10:25:00+00:00,1343,True,-11.12909753136382,0.33724845991276586,False,False,0.0,-99.0
2026-09-06T11:55:00+00:00,1361,False,0.0,-0.5620817932460992,True,True,0.0,0.0
2026-09-06T12:30:00+00:00,1368,False,0.0,-0.5620817932460992,True,True,0.0,0.0
2026-09-06T15:00:00+00:00,1398,False,-0.11241512657943253,-0.44966666666666666,False,False,0.0,-1.0
2026-09-06T16:05:00+00:00,1411,False,-0.11241512657943253,-0.5620817932460992,False,False,0.0,-1.0
2026-09-06T17:15:00+00:00,1425,False,0.0,-0.5620817932460992,True,True,0.0,0.0
2026-09-06T18:15:00+00:00,1437,False,0.0,-0.5620817932460992,True,True,0.0,0.0
2026-09-06T19:00:00+00:00,1446,False,0.0,-0.5620817932460992,True,True,0.0,0.0
2026-09-06T22:10:00+00:00,1484,False,-0.11241512657943253,-0.44966666666666666,False,False,0.0,-1.0
2026-09-06T23:05:00+00:00,1495,False,-0.11241512657943253,-0.5620817932460992,True,True,0.0,-1.0
2026-09-07T00:10:00+00:00,1508,True,-11.12909753136382,0.0,False,False,0.0,-99.0
2026-09-07T03:05:00+00:00,1543,False,-0.11241512657943253,-0.44966666666666666,True,True,0.0,-1.0
2026-09-07T05:00:00+00:00,1566,False,-0.11241512657943253,-0.6745,True,True,0.0,-1.0
2026-09-07T05:45:00+00:00,1575,False,0.11241512657943253,-0.7869151265794324,False,True,0.0,1.0
2026-09-07T06:20:00+00:00,1582,False,0.0,-0.6745,True,True,0.0,0.0
2026-09-07T08:05:00+00:00,1603,False,-0.11241512657943253,-0.44966666666666666,True,True,0.0,-1.0
2026-09-07T09:05:00+00:00,1615,False,0.0,-0.5620817932460992,True,True,0.0,0.0
2026-09-07T09:55:00+00:00,1625,False,-0.11241512657943253,-0.44966666666666666,True,True,0.0,-1.0
2026-09-07T13:55:00+00:00,1673,False,0.0,-0.5620817932460992,True,True,0.0,0.0
2026-09-07T15:50:00+00:00,1696,False,-0.11241512657943253,-0.44966666666666666,False,False,0.0,-1.0
2026-09-07T16:40:00+00:00,1706,False,-0.11241512657943253,-0.5620817932460992,True,True,0.0,-1.0
2026-09-07T17:10:00+00:00,1712,True,-11.12909753136382,-0.44966666666666666,False,False,0.0,-99.0
2026-09-07T18:55:00+00:00,1733,False,-0.11241512657943253,-0.6745,True,True,0.0,-1.0
2026-09-07T21:45:00+00:00,1767,True,-11.12909753136382,-0.8993302531588651,True,True,0.0,-99.0
2026-09-08T00:55:00+00:00,1805,False,0.0,-0.8993333333333333,True,True,0.0,0.0
2026-09-08T02:50:00+00:00,1828,False,-0.11241512657943253,-0.7869151265794324,True,True,0.0,-1.0
2026-09-08T03:30:00+00:00,1836,False,-0.11241512657943253,-0.5620817932460992,False,True,0.0,-1.0
2026-09-08T04:25:00+00:00,1847,False,-0.11241512657943253,-0.5620817932460992,True,True,0.0,-1.0
2026-09-08T05:00:00+00:00,1854,False,-0.11241512657943253,-0.44966666666666666,True,True,0.0,-1.0
2026-09-08T05:45:00+00:00,1863,True,-11.12909753136382,-0.6745,True,True,0.0,-99.0
2026-09-08T06:15:00+00:00,1869,False,0.0,-0.6744969198255317,True,True,0.0,0.0
2026-09-08T07:55:00+00:00,1889,False,-0.11241512657943253,-0.44966666666666666,False,False,0.0,-1.0
2026-09-08T10:45:00+00:00,1923,False,-0.11241512657943253,-0.44966666666666666,False,False,0.0,-1.0
2026-09-08T11:40:00+00:00,1934,False,0.0,-0.5620817932460992,True,True,0.0,0.0
2026-09-08T12:30:00+00:00,1944,False,-0.14068266081947622,-0.44966666666666666,False,True,-1.0,-1.0
2026-09-08T13:00:00+00:00,1950,False,0.0,-0.8993333333333333,False,False,0.0,0.0
2026-09-08T13:30:00+00:00,1956,False,-0.028267534240043694,-1.0117484599127657,True,True,-1.0,0.0
2026-09-08T14:00:00+00:00,1962,False,0.028267534240043694,-0.7869151265794324,True,True,1.0,0.0
2026-09-08T14:35:00+00:00,1969,False,-0.11241512657943253,-0.7869151265794324,True,True,0.0,-1.0
2026-09-08T15:05:00+00:00,1975,True,-11.12909753136382,0.44966666666666666,False,False,0.0,-99.0
2026-09-08T17:20:00+00:00,2002,False,0.0,-0.8993333333333333,True,True,0.0,0.0
2026-09-08T18:25:00+00:00,2015,False,0.0,-0.5620817932460992,True,True,0.0,0.0
2026-09-08T19:35:00+00:00,2029,False,0.0,-0.5620817932460992,True,True,0.0,0.0
2026-09-08T20:20:00+00:00,2038,False,-0.14068266081947622,-0.7869151265794324,True,True,-1.0,-1.0
2026-09-08T20:50:00+00:00,2044,False,-0.11241512657943253,-1.6862484599127658,True,True,0.0,-1.0
2026-09-08T21:20:00+00:00,2050,True,-11.269780192183298,-1.7986635864921983,True,True,-1.0,-100.0
2026-09-08T22:10:00+00:00,2060,False,0.0,-0.7869182067539008,True,True,0.0,0.0
2026-09-08T22:45:00+00:00,2067,True,-11.100829997123776,0.6744969198255317,False,True,1.0,-99.0
2026-09-08T23:30:00+00:00,2076,True,-11.241512657943254,0.44966666666666666,False,False,0.0,-100.0
2026-09-09T00:10:00+00:00,2084,False,0.028267534240043694,-0.6744969198255317,False,False,1.0,0.0
2026-09-09T00:55:00+00:00,2093,True,-11.269780192183298,-0.22483333333333333,False,False,-1.0,-100.0
2026-09-09T01:25:00+00:00,2099,True,-11.241512657943254,0.33724845991276586,False,True,0.0,-100.0
2026-09-09T02:40:00+00:00,2114,True,-11.241512657943254,-0.11241512657943253,False,False,0.0,-100.0
2026-09-09T03:30:00+00:00,2124,True,-11.21324512370321,-0.22483333333333333,False,False,1.0,-100.0
2026-09-09T04:15:00+00:00,2133,False,0.14068266081947622,-0.7869151265794324,True,True,1.0,1.0
2026-09-09T05:10:00+00:00,2144,False,0.028267534240043694,-0.8993302531588651,True,True,1.0,0.0
2026-09-09T05:45:00+00:00,2151,False,0.0,-1.2365817932460992,True,True,0.0,0.0
2026-09-09T06:25:00+00:00,2159,False,0.028267534240043694,-1.236581793246099,True,True,1.0,0.0
2026-09-09T07:45:00+00:00,2175,True,-11.12909753136382,0.33724845991276586,False,True,0.0,-99.0
2026-09-09T09:10:00+00:00,2192,False,0.028267534240043694,-0.6745,True,True,1.0,0.0
2026-09-09T10:25:00+00:00,2207,True,-11.241512657943254,0.33724845991276586,False,False,0.0,-100.0
2026-09-09T11:15:00+00:00,2217,True,-11.21324512370321,0.22483333333333333,False,True,1.0,-100.0
2026-09-09T12:00:00+00:00,2226,True,-11.269780192183298,1.1241666666666665,False,True,-1.0,-100.0
2026-09-09T12:40:00+00:00,2234,True,-11.241512657943254,-0.6745,False,True,0.0,-100.0
2026-09-09T13:50:00+00:00,2248,True,-11.157365065603864,-0.1124182067539008,False,True,-1.0,-99.0
2026-09-09T14:35:00+00:00,2257,True,-11.12909753136382,0.22483333333333333,False,False,0.0,-99.0
2026-09-09T16:50:00+00:00,2284,False,-0.14068266081947622,-0.7869151265794324,True,True,-1.0,-1.0
2026-09-09T18:00:00+00:00,2298,False,0.0,-1.1241635864921984,True,True,0.0,0.0
2026-09-09T18:30:00+00:00,2304,False,0.11241512657943253,-0.7869151265794324,True,True,0.0,1.0
2026-09-09T19:20:00+00:00,2314,False,0.0,-0.6745,True,True,0.0,0.0
2026-09-10T02:50:00+00:00,2404,True,-11.100829997123776,0.0,False,False,1.0,-99.0
2026-09-10T04:10:00+00:00,2420,False,0.0,-0.6745,True,True,0.0,0.0
2026-09-10T06:20:00+00:00,2446,False,-0.11241512657943253,-0.5620817932460992,True,True,0.0,-1.0
2026-09-10T06:50:00+00:00,2452,True,-11.12909753136382,0.22483333333333333,False,False,0.0,-99.0
2026-09-10T07:55:00+00:00,2465,False,0.0,-0.7869151265794324,True,True,0.0,0.0
2026-09-10T08:45:00+00:00,2475,False,-0.11241512657943253,-0.5620817932460992,True,True,0.0,-1.0
2026-09-10T09:45:00+00:00,2487,False,0.0,-1.0117484599127657,True,True,0.0,0.0
2026-09-10T11:50:00+00:00,2512,False,0.0,-1.236581793246099,True,True,0.0,0.0
2026-09-10T13:05:00+00:00,2527,False,0.0,-0.7869151265794324,True,True,0.0,0.0
2026-09-10T13:50:00+00:00,2536,True,-11.241512657943254,0.11241512657943253,False,False,0.0,-100.0
2026-09-10T15:20:00+00:00,2554,False,0.0,-0.7869151265794324,True,True,0.0,0.0
2026-09-10T16:45:00+00:00,2571,False,0.0,-0.7869151265794324,True,True,0.0,0.0
2026-09-10T18:25:00+00:00,2591,False,-0.11241512657943253,-0.7869151265794324,True,True,0.0,-1.0
2026-09-10T19:10:00+00:00,2600,False,0.0,-0.7869151265794324,True,True,0.0,0.0
2026-09-10T19:40:00+00:00,2606,False,-0.11241512657943253,-0.8993302531588651,True,True,0.0,-1.0
2026-09-10T20:50:00+00:00,2620,True,-11.016682404784389,0.6745,False,False,0.0,-98.0
2026-09-10T21:30:00+00:00,2628,True,-2.770218355524282,-0.7869151265794324,True,True,-98.0,0.0
2026-09-10T23:05:00+00:00,2647,True,-2.8267534240043695,-0.22483333333333333,False,True,-100.0,0.0
2026-09-11T19:20:00+00:00,2890,False,-0.11241512657943253,-0.5620817932460992,True,True,0.0,-1.0
2026-09-11T20:35:00+00:00,2905,False,0.0,-0.5620817932460992,True,True,0.0,0.0
2026-09-11T23:55:00+00:00,2945,False,0.0,-0.5620817932460992,True,True,0.0,0.0
2026-09-12T01:40:00+00:00,2966,False,-0.11241512657943253,-0.44966666666666666,True,True,0.0,-1.0
2026-09-12T15:05:00+00:00,3127,False,-0.11241512657943253,-0.44966666666666666,False,False,0.0,-1.0
2026-09-12T15:40:00+00:00,3134,False,0.0,-0.5620817932460992,True,True,0.0,0.0
2026-09-12T19:15:00+00:00,3177,False,-0.11241512657943253,-0.44966666666666666,True,True,0.0,-1.0
2026-09-12T21:10:00+00:00,3200,False,-0.11241512657943253,-0.44966666666666666,False,False,0.0,-1.0
2026-09-13T00:10:00+00:00,3236,False,-0.11241512657943253,-0.5620817932460992,True,True,0.0,-1.0
