path,sha256,cron_reference,content_snapshot_status
/home/carlos/epmp_logs/ap_snr_agg.sh,be569cd2f74b0eee3eede1a0678f85c390fb47a674b1ff621dc102b870777838,active_or_commented_crontab,inventory_only_pending_classification
/home/carlos/epmp_logs/housekeeping.sh,0e801658765be555f3c7a8120c9745ca252a0e22fab2cd898d3c726156bdb250,active_or_commented_crontab,inventory_only_pending_classification
/home/carlos/epmp_logs/poll_epmp.sh,9b6ddc5d1471bfa7e972c037332856143b251106080522042be1c4b4c85682f9,active_or_commented_crontab,inventory_only_pending_classification
/home/carlos/epmp_logs/poll_epmp_agg.sh,6f77b40c7025af7628ef00a06b78f16973122c157278b7cdd098a4a22d6d69a9,active_or_commented_crontab,inventory_only_pending_classification
/home/carlos/epmp_logs/watchdog_poll.sh,473f4bd4c59967e80b7d2e85971844abdd0c834598ae80b3bbe6f5123b1c79d6,active_or_commented_crontab,inventory_only_pending_classification
/home/carlos/epmp_monitor/bin/alert_epmp.sh,3b4659ec69b33b1aeae7a46bb0f4515c1ef4d48907a8cfdb11506e56e4e4ef78,active_or_commented_crontab,inventory_only_pending_classification
/home/carlos/epmp_monitor/bin/auto_csv_pipeline.sh,0a014dbcebf1bd870a9f889e3c8284e00189badf4b05017ea6605f51489dba21,active_or_commented_crontab,inventory_only_pending_classification
/home/carlos/epmp_monitor/bin/capture_agg_ap.sh,549eb4c73eebfdfeceec33e4577d409ae4a52d1b1e6bc202e6f1ea90a8e0aa1f,not_directly_referenced,inventory_only_pending_classification
/home/carlos/epmp_monitor/bin/alertas_automaticas.py,8214ba16e1cdfb19f8c442d784bcf7863ba0e137d993e6f5fb050889b9f19cfc,not_directly_referenced,withheld_possible_literal_secret
/home/carlos/epmp_monitor/bin/api_noc.py,96c5f30a2f4efbee7ec741940cd77c67f5a88d5745d6079a4345531ecb427f96,not_directly_referenced,inventory_only_pending_classification
/home/carlos/epmp_monitor/bin/dashboard_epmp.py,9ebe9dfaacf9cd12a43cbffd47e3443e5a96c4216fe087f2c455ce60b3790928,not_directly_referenced,inventory_only_pending_classification
/home/carlos/epmp_monitor/bin/dashboard_pro.py,6af345049d2098cf6e013693411c2c0fce27e3fe89a2114bcd85fcb6b9d9c08f,not_directly_referenced,inventory_only_pending_classification
/home/carlos/epmp_monitor/bin/db_writer.py,d4fd2554cf1b2ae7e7fd8c07e67bdfd7693fa3a0d55b0e27be6c6a9da3f0ecb1,not_directly_referenced,inventory_only_pending_classification
/home/carlos/epmp_monitor/bin/db_writer_predictivo.py,8898b078120fb3df8291d2915cd45347d9037371fbcd0aa67e9cd2133544a16f,not_directly_referenced,inventory_only_pending_classification
/home/carlos/epmp_monitor/bin/estado_predictivo.py,6e77d1b3372806b88e59eeae2397c4d436fcc9153e1725ee6cc1579fc501599a,not_directly_referenced,inventory_only_pending_classification
/home/carlos/epmp_monitor/bin/ia_operador.py,110d11fdd5b16acab707787fc28c8628e5cf31c2f2120e442bda644e8cacd183,not_directly_referenced,inventory_only_pending_classification
/home/carlos/epmp_monitor/bin/ia_predictiva.py,ec0763b41d1aaf440d7f353d30d8844e2dbacdfa722e298b3742e3047949a765,not_directly_referenced,inventory_only_pending_classification
/home/carlos/epmp_monitor/bin/modelo_avanzado.py,19b0f77a335de0913186cb4f0cf3d51a45c0bc2fb11f944727b52803b691f57b,not_directly_referenced,inventory_only_pending_classification
/home/carlos/epmp_monitor/bin/modelo_inteligente.py,4c846f9f2b6b191ec42d1934d5db907c009d6686732c1cfde5027d2007459bbb,not_directly_referenced,inventory_only_pending_classification
/home/carlos/epmp_monitor/bin/simula_datos_epmp.py,ac76ab0eaa5ca261dc77dd8e10e66879d9172f884b3d41a900a98dd8b6eb1591,not_directly_referenced,inventory_only_pending_classification
