timestamp,elapsed_s,system_busy_pct,load1,load5,load15,mem_available_mib,swap_used_mib,project_cpu_pct,project_rss_mib,project_proc_count,atmoslink_scheduler_cpu_pct,atmoslink_scheduler_mem_mib,atmoslink_scheduler_swap_mib,atmoslink_scheduler_read_mib_s,atmoslink_scheduler_write_mib_s,atmoslink_dashboard_cpu_pct,atmoslink_dashboard_mem_mib,atmoslink_dashboard_swap_mib,atmoslink_dashboard_read_mib_s,atmoslink_dashboard_write_mib_s,weather_logger_cpu_pct,weather_logger_mem_mib,weather_logger_swap_mib,weather_logger_read_mib_s,weather_logger_write_mib_s,atmoslink_radio_config_6g_cpu_pct,atmoslink_radio_config_6g_mem_mib,atmoslink_radio_config_6g_swap_mib,atmoslink_radio_config_6g_read_mib_s,atmoslink_radio_config_6g_write_mib_s,atmoslink_event_monitor_cpu_pct,atmoslink_event_monitor_mem_mib,atmoslink_event_monitor_swap_mib,atmoslink_event_monitor_read_mib_s,atmoslink_event_monitor_write_mib_s
2026-09-29T23:48:15-0500,5.01,6.332,0.48,0.58,0.63,6572.1,496.1,0.8,305.0,8,0.05,534.9,0.0,0.0,0.0023,0.044,169.0,0.0,0.0,0.0,0.535,20.3,14.7,0.0,0.0,0.005,3.9,4.6,0.0,0.0023,0.0,14.4,8.4,0.0,0.0
2026-09-29T23:48:20-0500,10.02,10.101,0.6,0.6,0.64,6558.3,496.1,0.2,305.0,8,18.19,535.0,0.0,0.0,0.007,0.044,169.0,0.0,0.0,0.0,0.339,20.1,14.7,0.0,0.0,0.007,3.9,4.6,0.0,0.0,0.0,14.4,8.4,0.0,0.0
2026-09-29T23:48:25-0500,15.03,25.013,0.63,0.61,0.64,6338.0,496.1,49.399,531.6,10,25.717,542.3,0.0,0.0,0.0125,0.039,169.0,0.0,0.0,0.0,0.289,20.1,14.7,0.0,0.0,0.004,3.9,4.6,0.0,0.0023,0.0,14.4,8.4,0.0,0.0
2026-09-29T23:48:30-0500,20.04,33.25,0.66,0.62,0.64,6350.6,496.1,100.198,535.0,10,10.48,534.9,0.0,0.0,0.0133,0.022,169.0,0.0,0.0,0.0,0.176,20.1,14.7,0.0,0.0,0.003,3.9,4.6,0.0,0.0,0.0,14.4,8.4,0.0,0.0
2026-09-29T23:48:35-0500,25.06,30.48,0.69,0.62,0.65,6359.5,496.1,-98.398,542.9,10,0.029,534.9,0.0,0.0,0.0023,0.024,169.0,0.0,0.0,0.0,0.171,20.3,14.7,0.0,0.0,0.003,3.9,4.6,0.0,0.2227,0.0,14.4,8.4,0.0,0.0
2026-09-29T23:48:40-0500,30.08,10.366,0.64,0.61,0.64,6568.3,496.1,-49.398,305.0,8,0.05,534.9,0.0,0.0,0.0023,0.04,169.0,0.0,0.0,0.0,0.315,20.3,14.7,0.0,0.0,0.005,3.9,4.6,0.0,0.0,0.0,14.4,8.4,0.0,0.0
2026-09-29T23:48:45-0500,35.1,4.915,0.58,0.6,0.64,6583.4,496.1,0.8,305.0,8,0.05,534.9,0.0,0.0,0.0023,0.045,169.0,0.0,0.0,0.0,0.335,20.1,14.7,0.0,0.0039,0.006,3.9,4.6,0.0,0.0023,0.0,14.4,8.4,0.0,0.0
2026-09-29T23:48:50-0500,40.11,15.731,0.7,0.62,0.65,6586.9,496.1,44.399,305.0,8,0.05,534.9,0.0,0.0,0.0023,44.412,169.0,0.0,0.0,0.0,0.273,20.1,14.7,0.0,0.0,0.004,3.9,4.6,0.0,0.0,0.026,14.4,8.4,0.0,0.0
2026-09-29T23:48:55-0500,45.12,5.933,0.64,0.61,0.64,6575.2,496.1,1.0,305.0,8,0.05,534.9,0.0,0.0,0.0039,0.179,169.0,0.0,0.0,0.0,0.31,20.1,14.7,0.0,0.0,0.005,3.9,4.6,0.0,0.0,0.027,14.4,8.4,0.0,0.0008
2026-09-29T23:49:00-0500,50.15,4.905,0.67,0.62,0.64,6574.8,496.1,0.6,305.0,8,0.052,534.9,0.0,0.0,0.0023,0.046,169.0,0.0,0.0,0.0,0.391,20.1,14.7,0.0,0.0,0.006,3.9,4.6,0.0,0.0,0.0,14.4,8.4,0.0,0.0
2026-09-29T23:49:05-0500,55.18,5.797,0.62,0.61,0.64,6579.9,496.1,0.4,305.0,8,0.05,534.9,0.0,0.0,0.0023,0.049,169.0,0.0,0.0,0.0,0.361,20.3,14.7,0.0,0.0,0.006,3.9,4.6,0.0,0.0,0.0,14.4,8.4,0.0,0.0
2026-09-29T23:49:10-0500,60.21,11.7,0.57,0.6,0.64,6591.5,496.1,12.6,352.6,9,0.028,534.9,0.0,0.0,0.0023,0.039,169.0,0.0,0.0,0.0,0.234,20.1,14.7,0.0,0.0,0.005,3.9,4.6,0.0,0.007,0.0,14.4,8.4,0.0,0.0
2026-09-29T23:49:15-0500,65.22,7.735,0.52,0.59,0.63,6578.8,496.1,-11.6,305.0,8,0.05,534.9,0.0,0.0,0.0023,0.045,169.0,0.0,0.0,0.0,0.553,20.1,14.7,0.0,0.0,0.006,3.9,4.6,0.0,0.0023,0.0,14.4,8.4,0.0,0.0
2026-09-29T23:49:20-0500,70.26,5.345,0.56,0.6,0.64,6589.6,496.1,0.4,305.0,8,0.05,534.9,0.0,0.0,0.0023,0.048,169.0,0.0,0.0,0.0,0.324,20.1,14.7,0.0,0.0023,0.005,3.9,4.6,0.0,0.0,0.0,14.4,8.4,0.0,0.0
2026-09-29T23:49:25-0500,75.29,9.25,0.52,0.59,0.63,6566.2,496.1,0.4,305.0,8,15.939,534.9,0.0,0.0,0.007,0.047,169.0,0.0,0.0,0.0,0.269,20.1,14.7,0.0,0.0,0.005,3.9,4.6,0.0,0.0,0.0,14.4,8.4,0.0,0.0
2026-09-29T23:49:30-0500,80.33,14.835,0.47,0.58,0.63,6553.6,496.1,0.4,305.0,8,37.013,534.9,0.0,0.0,0.0258,0.036,169.0,0.0,0.0,0.0,0.313,20.1,14.7,0.0,0.0,0.004,3.9,4.6,0.0,0.0023,0.0,14.4,8.4,0.0,0.0
2026-09-29T23:49:35-0500,85.35,4.605,0.44,0.57,0.62,6584.4,496.1,0.4,305.0,8,0.049,534.9,0.0,0.0,0.0023,0.045,169.0,0.0,0.0,0.0,0.343,20.1,14.7,0.0,0.0,0.006,3.9,4.6,0.0,0.0,0.0,14.4,8.4,0.0,0.0
2026-09-29T23:49:40-0500,90.38,5.208,0.4,0.56,0.62,6572.2,496.1,0.4,305.0,8,0.05,534.9,0.0,0.0,0.0023,0.044,169.0,0.0,0.0,0.0,0.324,20.1,14.7,0.0,0.0,0.006,3.9,4.6,0.0,0.0,0.0,14.4,8.4,0.0,0.0
2026-09-29T23:49:45-0500,95.4,5.859,0.45,0.56,0.62,6594.5,496.1,0.6,305.0,8,0.019,534.9,0.0,0.0,0.0023,0.05,169.0,0.0,0.0,0.0,0.335,20.1,14.7,0.0,0.0008,0.005,3.9,4.6,0.0,0.0023,0.0,14.4,8.4,0.0,0.0
2026-09-29T23:49:50-0500,100.43,7.207,0.41,0.56,0.62,6578.4,496.1,6.0,305.0,8,0.05,534.9,0.0,0.0,0.0023,6.233,169.2,0.0,0.0,0.0,0.309,20.1,14.7,0.0,0.0,0.006,3.9,4.6,0.0,0.0,0.015,14.4,8.4,0.0,0.0
2026-09-29T23:49:55-0500,105.44,14.737,0.38,0.55,0.62,6572.5,496.1,39.598,305.0,8,0.019,534.9,0.0,0.0,0.0031,39.074,169.0,0.0,0.0,0.0,0.231,20.1,14.7,0.0,0.0023,0.006,3.9,4.6,0.0,0.0,0.045,14.4,8.4,0.0008,0.0008
2026-09-29T23:50:00-0500,110.47,6.0,0.35,0.54,0.61,6581.6,496.1,0.6,305.0,8,0.029,534.9,0.0,0.0,0.0023,0.045,169.0,0.0,0.0,0.0,0.443,20.1,14.7,0.0,0.0,0.006,3.9,4.6,0.0,0.0,0.0,14.4,8.4,0.0,0.0
2026-09-29T23:50:05-0500,115.51,36.409,0.48,0.56,0.62,6470.3,496.1,17.2,409.9,11,0.021,534.9,0.0,0.0,0.0023,0.022,169.0,0.0,0.0,0.0,0.179,20.1,14.7,0.0,0.0,1.96,3.9,4.6,0.0,0.0078,0.0,14.4,8.4,0.0,0.0
2026-09-29T23:50:10-0500,120.52,18.487,0.44,0.55,0.62,6557.9,496.1,-16.399,305.0,8,0.05,534.9,0.0,0.0,0.0023,0.038,169.0,0.0,0.0,0.0,0.187,20.1,14.7,0.0,0.0,0.006,3.9,4.6,0.0,0.0,0.0,14.4,8.4,0.0,0.0
2026-09-29T23:50:15-0500,125.55,5.253,0.41,0.54,0.61,6589.9,496.1,0.6,305.0,8,0.03,534.9,0.0,0.0,0.0023,0.043,169.0,0.0,0.0,0.0,0.551,20.1,14.7,0.0,0.0,0.007,3.9,4.6,0.0,0.0023,0.0,14.4,8.4,0.0,0.0
2026-09-29T23:50:20-0500,130.56,4.022,0.45,0.55,0.62,6599.0,496.1,0.2,305.0,8,0.051,534.9,0.0,0.0,0.0023,0.045,169.0,0.0,0.0,0.0,0.353,20.3,14.7,0.0,0.0,0.007,3.9,4.6,0.0,0.0,0.0,14.4,8.4,0.0,0.0
2026-09-29T23:50:26-0500,135.6,10.195,0.82,0.62,0.64,6555.9,496.1,0.6,305.0,8,17.068,534.9,0.0,0.0,0.007,0.038,169.0,0.0,0.0,0.0,0.303,20.1,14.7,0.0,0.0,0.005,3.9,4.6,0.0,0.0,0.0,14.4,8.4,0.0,0.0
2026-09-29T23:50:31-0500,140.63,10.075,0.75,0.61,0.64,6578.1,496.1,0.6,305.0,8,19.998,538.0,0.0,0.0,0.007,0.047,169.0,0.0,0.0,0.0,0.445,20.1,14.7,0.0,0.0031,0.005,3.9,4.6,0.0,0.0023,0.0,14.4,8.4,0.0,0.0
2026-09-29T23:50:36-0500,145.65,8.589,0.69,0.6,0.63,6590.5,496.1,0.8,305.0,8,15.645,534.9,0.0,0.0,0.0187,0.041,169.0,0.0,0.0,0.0,0.312,20.3,14.7,0.0,0.0,0.006,3.9,4.6,0.0,0.0,0.0,14.4,8.4,0.0,0.0
2026-09-29T23:50:41-0500,150.68,5.053,0.64,0.59,0.63,6591.2,496.1,0.2,305.0,8,0.049,534.9,0.0,0.0,0.0023,0.046,169.0,0.0,0.0,0.0,0.251,20.1,14.7,0.0,0.0,0.005,3.9,4.6,0.0,0.0,0.0,14.4,8.4,0.0,0.0
2026-09-29T23:50:46-0500,155.72,6.35,0.59,0.58,0.63,6598.3,496.1,0.8,305.0,8,0.049,534.9,0.0,0.0,0.0023,0.046,169.0,0.0,0.0,0.0,0.3,20.1,14.7,0.0,0.0008,0.005,3.9,4.6,0.0,0.0023,0.0,14.4,8.4,0.0,0.0
2026-09-29T23:50:51-0500,160.75,4.793,0.54,0.57,0.62,6589.1,496.1,0.2,305.0,8,0.03,534.9,0.0,0.0,0.0023,0.043,169.0,0.0,0.0,0.0,0.344,20.1,14.7,0.0,0.0,0.005,3.9,4.6,0.0,0.0,0.0,14.4,8.4,0.0,0.0
2026-09-29T23:50:56-0500,165.79,16.459,0.58,0.58,0.63,6588.6,496.1,45.598,305.0,8,0.029,534.9,0.0,0.0,0.0023,45.279,169.0,0.0,0.0,0.0,0.288,20.1,14.7,0.0,0.0,0.003,3.9,4.6,0.0,0.0,0.071,14.4,8.4,0.0,0.0008
2026-09-29T23:51:01-0500,170.82,6.84,0.61,0.59,0.63,6591.2,496.1,0.4,305.0,8,0.05,534.9,0.0,0.0,0.0039,0.042,169.0,0.0,0.0,0.0,0.442,20.1,14.7,0.0,0.0,0.005,3.9,4.6,0.0,0.0,0.0,14.4,8.4,0.0,0.0
2026-09-29T23:51:06-0500,175.85,4.955,0.56,0.58,0.62,6593.1,496.1,0.4,305.0,8,0.049,534.9,0.0,0.0,0.0023,0.052,169.0,0.0,0.0,0.0,0.327,20.1,14.7,0.0,0.0023,0.007,3.9,4.6,0.0,0.0,0.0,14.4,8.4,0.0,0.0
2026-09-29T23:51:11-0500,180.86,6.426,0.6,0.58,0.63,6585.7,496.1,1.6,322.3,10,0.05,534.9,0.0,0.0,0.0023,0.041,169.0,0.0,0.0,0.0,0.329,20.1,14.7,0.0,0.0,0.006,3.9,4.6,0.0,0.0,0.0,14.4,8.4,0.0,0.0
2026-09-29T23:51:16-0500,185.9,31.409,0.63,0.59,0.63,5850.3,496.1,101.998,1085.5,9,0.018,534.9,0.0,0.0,0.0023,0.025,169.0,0.0,0.0,0.0,0.198,20.1,14.7,0.0,0.0,0.004,3.9,4.6,0.0,0.0094,0.0,14.4,8.4,0.0,0.0
2026-09-29T23:51:21-0500,190.91,31.3,0.74,0.62,0.64,5356.7,496.1,100.798,1537.2,9,0.018,534.9,0.0,0.0,0.0023,0.024,169.0,0.0,0.0,0.0,0.175,20.1,14.7,0.0,0.0,0.002,3.9,4.6,0.0,0.0,0.0,14.4,8.4,0.0,0.0
2026-09-29T23:51:26-0500,195.92,29.674,0.76,0.62,0.64,5125.6,496.1,100.198,1741.8,9,0.018,534.9,0.0,0.0,0.0023,0.022,169.0,0.0,0.0,0.0,0.135,20.1,14.7,0.0,0.0,0.003,3.9,4.6,0.0,0.0062,0.0,14.4,8.4,0.0,0.0
2026-09-29T23:51:31-0500,200.93,27.948,0.78,0.63,0.64,5262.3,496.1,63.799,1544.7,9,19.113,534.9,0.0,0.0,27.1533,0.025,169.0,0.0,0.0,0.0,0.225,20.1,14.7,0.0,0.0,0.003,3.9,4.6,0.0,57.8121,0.0,14.4,8.4,0.0,0.0
2026-09-29T23:51:36-0500,205.94,38.808,0.96,0.67,0.65,5305.3,496.1,100.398,1544.7,9,36.099,542.2,0.0,0.0,0.0211,0.022,169.0,0.0,0.0,0.0,0.137,20.1,14.7,0.0,0.0,0.003,3.9,4.6,0.0,0.0031,0.0,14.4,8.4,0.0,0.0
2026-09-29T23:51:41-0500,210.96,25.3,0.96,0.67,0.66,5325.2,496.1,74.598,1544.7,9,0.2,535.1,0.0,0.0,5.0077,0.023,169.0,0.0,0.0,0.0,0.163,20.1,14.7,0.0,0.0031,0.004,3.9,4.6,0.0,0.0,0.0,14.4,8.4,0.0,0.0
2026-09-29T23:51:46-0500,215.99,5.773,1.04,0.7,0.66,5323.3,496.1,2.0,1557.6,10,0.006,534.9,0.0,0.0,14.5994,0.047,169.0,0.0,0.0,0.0,0.264,20.1,14.7,0.0,0.0,0.005,3.9,4.6,0.0,0.0023,0.0,14.4,8.4,0.0,0.0
2026-09-29T23:51:51-0500,221.01,6.56,1.04,0.7,0.66,6551.5,496.1,-542.791,305.0,8,0.034,534.9,0.0,0.0,5.1999,0.048,169.0,0.0,0.0,0.0,0.252,20.1,14.7,0.0,0.0008,0.006,3.9,4.6,0.0,0.0,0.0,14.4,8.4,0.0,0.0
2026-09-29T23:51:56-0500,226.03,12.613,0.96,0.69,0.66,6563.8,496.1,28.799,305.0,8,0.056,534.9,0.0,0.0,0.0023,27.658,169.0,0.0,0.0,0.0,0.21,20.1,14.7,0.0,0.0,0.005,3.9,4.6,0.0,0.0,0.045,14.5,8.4,0.0,0.0
2026-09-29T23:52:01-0500,231.04,11.117,1.04,0.71,0.67,6568.2,496.1,18.399,305.0,8,0.03,534.9,0.0,0.0,0.0023,18.071,169.0,0.0,0.0,0.0,0.364,20.3,14.7,0.0,0.0,0.006,3.9,4.6,0.0,0.0,0.04,14.4,8.4,0.0,0.0008
2026-09-29T23:52:06-0500,236.07,4.655,0.96,0.7,0.66,6569.0,496.1,0.4,305.0,8,0.049,534.9,0.0,0.0,0.0023,0.044,169.0,0.0,0.0,0.0,0.355,20.3,14.7,0.0,0.0,0.005,3.9,4.6,0.0,0.0,0.0,14.4,8.4,0.0,0.0
2026-09-29T23:52:11-0500,241.1,26.796,0.96,0.71,0.67,5984.0,496.1,0.2,305.0,8,86.654,1117.3,0.0,0.0,0.0023,0.028,169.0,0.0,0.0,0.0,0.251,20.1,14.7,0.0,0.0,0.004,3.9,4.6,0.0,2.5976,0.0,14.4,8.4,0.0,0.0
2026-09-29T23:52:16-0500,246.11,7.402,1.04,0.73,0.67,5980.3,496.1,0.6,305.0,8,0.217,1117.2,0.0,0.0,0.0,0.043,169.0,0.0,0.0,0.0,0.507,20.1,14.7,0.0,0.0023,0.005,3.9,4.6,0.0,8.3832,0.0,14.4,8.4,0.0,0.0
2026-09-29T23:52:21-0500,251.15,7.558,1.04,0.73,0.68,5974.7,496.1,0.6,305.0,8,6.489,1131.7,0.0,0.0,0.0,0.044,169.0,0.0,0.0,0.0,0.317,20.3,14.7,0.0,0.0,0.005,3.9,4.6,0.0,6.2499,0.0,14.4,8.4,0.0,0.0
2026-09-29T23:52:26-0500,256.17,27.619,1.04,0.74,0.68,5918.2,496.1,0.2,305.0,8,85.872,1063.6,0.0,0.0,0.0,0.027,169.0,0.0,0.0,0.0,0.181,20.3,14.7,0.0,0.0,0.003,3.9,4.6,0.0,17.2247,0.0,14.4,8.4,0.0,0.0
2026-09-29T23:52:31-0500,261.18,30.165,1.19,0.77,0.69,5970.0,496.1,0.4,305.0,8,100.327,1122.9,0.0,0.0,0.0,0.024,169.0,0.0,0.0,0.0,0.192,20.1,14.7,0.0,0.0,0.003,3.9,4.6,0.0,0.0,0.0,14.4,8.4,0.0,0.0
2026-09-29T23:52:36-0500,266.2,29.265,1.34,0.81,0.7,6418.4,496.1,0.2,305.0,8,97.086,682.2,0.0,0.0008,15.888,0.024,169.0,0.0,0.0,0.0,0.133,20.1,14.7,0.0,0.0,0.003,3.9,4.6,0.0,0.1578,0.0,14.4,8.4,0.0,0.0
2026-09-29T23:52:41-0500,271.21,20.973,1.31,0.82,0.7,6429.2,496.1,0.2,305.0,8,64.199,685.7,0.0,0.0,0.0016,0.034,169.0,0.0,0.0,0.0,0.16,20.4,14.7,0.0,0.0,0.004,3.9,4.6,0.0,7.1552,0.0,14.4,8.4,0.0,0.0
2026-09-29T23:52:46-0500,276.24,28.621,1.29,0.82,0.71,6395.6,496.1,0.2,305.0,8,92.679,711.8,0.0,0.0008,0.007,0.027,169.0,0.0,0.0,0.0,0.243,20.4,14.7,0.0,0.0,0.003,3.9,4.6,0.0,0.0,0.0,14.4,8.4,0.0,0.0
2026-09-29T23:52:51-0500,281.25,12.469,1.18,0.81,0.7,6569.5,496.1,0.6,305.0,8,22.68,534.9,0.0,0.0,0.0211,0.042,169.0,0.0,0.0,0.0,0.221,20.1,14.7,0.0,0.0023,0.006,3.9,4.6,0.0,0.0031,0.0,14.4,8.4,0.0,0.0
2026-09-29T23:52:56-0500,286.26,24.437,1.17,0.81,0.7,6516.2,496.1,0.4,305.0,8,78.251,576.8,0.0,0.0,0.0328,0.032,169.0,0.0,0.0,0.0,0.258,20.1,14.7,0.0,0.0,0.004,3.9,4.6,0.0,0.0,0.0,14.4,8.4,0.0,0.0
2026-09-29T23:53:01-0500,291.27,17.671,1.39,0.86,0.72,6577.5,496.1,46.398,305.0,8,0.214,535.1,0.0,0.0,0.007,46.09,169.0,0.0,0.0,0.0,0.244,20.4,14.7,0.0,0.0,0.005,3.9,4.6,0.0,0.0,0.081,14.4,8.4,0.0,0.0008
2026-09-29T23:53:06-0500,296.31,5.247,1.28,0.85,0.72,6591.5,496.1,0.4,305.0,8,0.05,535.1,0.0,0.0,0.0023,0.043,169.0,0.0,0.0,0.0,0.348,20.1,14.7,0.0,0.0,0.007,3.9,4.6,0.0,0.0,0.0,14.4,8.4,0.0,0.0
2026-09-29T23:53:11-0500,301.35,9.995,1.18,0.83,0.72,6587.8,496.1,2.8,322.6,10,0.027,535.1,0.0,0.0,0.0023,0.046,169.0,0.0,0.0,0.0,0.312,20.1,14.7,0.0,0.0,0.006,3.9,4.6,0.0,0.0,0.0,14.4,8.4,0.0,0.0
