component,station,runtime_path,service_or_trigger,sha256,git_state_before_audit,source_repo,source_commit
weather_logger,CU01,weather_station/logger/logger_weather.py,weather-logger.service,814396ee8f31e38efd1df18e8a2d0da86f7033c91ab4a473d714c9cba06fbc5c,tracked,AtmosLink-Research-Platform,7469a1cfc8e9def91d557c0e4c33568ddb879902
scheduler,CU01,weather_station/scheduler/atmoslink_scheduler.py,atmoslink-scheduler.service,6a8e2193bf90cab64a5ff930ae27110c34debce580c3348d1f6d3326a4263d75,tracked,AtmosLink-Research-Platform,7469a1cfc8e9def91d557c0e4c33568ddb879902
dashboard,CU01,weather_station/dashboard/app.py,atmoslink-dashboard.service,5cc74955c1b81339f04e196d1c065e01a24cd6e79b602f7ab61d35350957a200,tracked,AtmosLink-Research-Platform,7469a1cfc8e9def91d557c0e4c33568ddb879902
event_monitor,CU01,scripts/monitor_operational_events.py,atmoslink-event-monitor.service,4edfb2ac1a11d05eaa1d83eef7ab91df03636c7cf3ddc2ac3dc2ea36187c8bcb,tracked,AtmosLink-Research-Platform,7469a1cfc8e9def91d557c0e4c33568ddb879902
radio_config_6g,CU01,weather_station/telemetry/radio_config_6g_collector.py,atmoslink-radio-config-6g.service,edd32b422a9329ef3867770a3023b72e99c5bfcb90854b4e2cbe989c7efa879a,tracked,AtmosLink-Research-Platform,7469a1cfc8e9def91d557c0e4c33568ddb879902
radio_collector,CU01,weather_station/telemetry/cambium_local_collector.py,atmoslink-radio.service,3d2a3ca2b1380ac5d90ce7dd71fdd33a1fe9b83035fbc86cd3106942fe044ab1,tracked,AtmosLink-Research-Platform,7469a1cfc8e9def91d557c0e4c33568ddb879902
remote_backup,CU01,weather_station/backup/remote_backup.py,atmoslink-remote-backup.timer,b50f79773059062aae35e69f15fe0d9e785d268bae630115605fae2bd87b301a,tracked,AtmosLink-Research-Platform,7469a1cfc8e9def91d557c0e4c33568ddb879902
remote_sync,CU01,weather_station/sync/remote_station_sync.py,atmoslink-remote-sync.timer,0026a0f31e8033142bc227b5d446e0d6458de6618507e9bd8c7606b26e13eecd,tracked,AtmosLink-Research-Platform,7469a1cfc8e9def91d557c0e4c33568ddb879902
build_multistation_master,CU01,weather_station/sync/build_multistation_master.py,ExecStartPost:atmoslink-remote-sync.service,b08f471842be5cf5d63f688c6aa99f208bfcf9a4ad8707aeb6ada36e2a1fc6b2,tracked,AtmosLink-Research-Platform,7469a1cfc8e9def91d557c0e4c33568ddb879902
scientific_validation,CU01,weather_station/analytics/scientific_validation_all.py,atmoslink-scientific-validation.timer,507dc82b6477650c2d981c6649cd06aefa6e52928faf73089bbd943715d9e3a5,tracked,AtmosLink-Research-Platform,7469a1cfc8e9def91d557c0e4c33568ddb879902
active_throughput_6g,CU01,weather_station/telemetry/active_throughput_6g.py,atmoslink-throughput-6g.timer,8c2779412a67b4d7b7485fb797cd7f59728bc8de00387ec81c177581a9bb3957,tracked,AtmosLink-Research-Platform,7469a1cfc8e9def91d557c0e4c33568ddb879902
weather_watchdog,CU01,/usr/local/sbin/atmoslink-weather-watchdog.py,atmoslink-weather-watchdog.timer,ca623fc96421bcdc37c7223b49036be1f574e56f0e0f79f8065a2b5b6119be4f,captured_by_audit,AtmosLink-Research-Platform,7469a1cfc8e9def91d557c0e4c33568ddb879902
