scope,truth_driver,effect_sd,lag_min,metric,trials,rate,ci95_low,ci95_high
aggregate,ALL,0.5,15.0,truth_selected,400,0.675,0.6276230707321651,0.7190475050579468
aggregate,ALL,0.5,15.0,exclusive_truth_selected,400,0.675,0.6276230707321651,0.7190475050579468
aggregate,ALL,0.5,15.0,unique_top1_correct,400,0.7425,0.6974839488186009,0.7829024204905541
aggregate,ALL,0.5,15.0,ranking_ambiguous,400,0.01,0.0038954207932788126,0.02542696699440824
aggregate,ALL,0.5,15.0,distractor_coselected,400,0.0,0.0,0.009512640599680667
aggregate,ALL,0.5,15.0,mean_selected_count,400,0.675,,
aggregate,ALL,0.5,30.0,truth_selected,400,0.385,0.33862235992471207,0.43356554741321446
aggregate,ALL,0.5,30.0,exclusive_truth_selected,400,0.385,0.33862235992471207,0.43356554741321446
aggregate,ALL,0.5,30.0,unique_top1_correct,400,0.6625,0.6148092449935679,0.7070991468115359
aggregate,ALL,0.5,30.0,ranking_ambiguous,400,0.155,0.12283205544731421,0.19373166656646548
aggregate,ALL,0.5,30.0,distractor_coselected,400,0.0,0.0,0.009512640599680667
aggregate,ALL,0.5,30.0,mean_selected_count,400,0.385,,
aggregate,ALL,0.5,60.0,truth_selected,400,0.115,0.08733247792422089,0.14999225533753324
aggregate,ALL,0.5,60.0,exclusive_truth_selected,400,0.115,0.08733247792422089,0.14999225533753324
aggregate,ALL,0.5,60.0,unique_top1_correct,400,0.25,0.21007832849376823,0.29467799180607207
aggregate,ALL,0.5,60.0,ranking_ambiguous,400,0.0,0.0,0.009512640599680667
aggregate,ALL,0.5,60.0,distractor_coselected,400,0.0,0.0,0.009512640599680667
aggregate,ALL,0.5,60.0,mean_selected_count,400,0.115,,
aggregate,ALL,1.0,15.0,truth_selected,400,0.8525,0.8143991454822668,0.8838944428949584
aggregate,ALL,1.0,15.0,exclusive_truth_selected,400,0.8525,0.8143991454822668,0.8838944428949584
aggregate,ALL,1.0,15.0,unique_top1_correct,400,0.945,0.9181319717303434,0.9634017781359406
aggregate,ALL,1.0,15.0,ranking_ambiguous,400,0.0075,0.0025538429629852373,0.02181610802770022
aggregate,ALL,1.0,15.0,distractor_coselected,400,0.0,0.0,0.009512640599680667
aggregate,ALL,1.0,15.0,mean_selected_count,400,0.8525,,
aggregate,ALL,1.0,30.0,truth_selected,400,0.79,0.7474197657946615,0.8270629026575238
aggregate,ALL,1.0,30.0,exclusive_truth_selected,400,0.79,0.7474197657946615,0.8270629026575238
aggregate,ALL,1.0,30.0,unique_top1_correct,400,0.895,0.861108321155689,0.9213766927705632
aggregate,ALL,1.0,30.0,ranking_ambiguous,400,0.045,0.028651223384090457,0.07000527956161895
aggregate,ALL,1.0,30.0,distractor_coselected,400,0.0,0.0,0.009512640599680667
aggregate,ALL,1.0,30.0,mean_selected_count,400,0.79,,
aggregate,ALL,1.0,60.0,truth_selected,400,0.2125,0.17524287819884765,0.2552268901459687
aggregate,ALL,1.0,60.0,exclusive_truth_selected,400,0.2125,0.17524287819884765,0.2552268901459687
aggregate,ALL,1.0,60.0,unique_top1_correct,400,0.595,0.5462097118377427,0.6419828864483179
aggregate,ALL,1.0,60.0,ranking_ambiguous,400,0.045,0.028651223384090457,0.07000527956161895
aggregate,ALL,1.0,60.0,distractor_coselected,400,0.0,0.0,0.009512640599680667
aggregate,ALL,1.0,60.0,mean_selected_count,400,0.2125,,
aggregate,ALL,1.5,15.0,truth_selected,400,0.8525,0.8143991454822668,0.8838944428949584
aggregate,ALL,1.5,15.0,exclusive_truth_selected,400,0.8525,0.8143991454822668,0.8838944428949584
aggregate,ALL,1.5,15.0,unique_top1_correct,400,0.945,0.9181319717303434,0.9634017781359406
aggregate,ALL,1.5,15.0,ranking_ambiguous,400,0.0075,0.0025538429629852373,0.02181610802770022
aggregate,ALL,1.5,15.0,distractor_coselected,400,0.0,0.0,0.009512640599680667
aggregate,ALL,1.5,15.0,mean_selected_count,400,0.8525,,
aggregate,ALL,1.5,30.0,truth_selected,400,0.91,0.877916547675384,0.9342830870328781
aggregate,ALL,1.5,30.0,exclusive_truth_selected,400,0.91,0.877916547675384,0.9342830870328781
aggregate,ALL,1.5,30.0,unique_top1_correct,400,0.97,0.9483009668703324,0.9827571509659678
aggregate,ALL,1.5,30.0,ranking_ambiguous,400,0.015,0.006892197870136998,0.03233506351155325
aggregate,ALL,1.5,30.0,distractor_coselected,400,0.0,0.0,0.009512640599680667
aggregate,ALL,1.5,30.0,mean_selected_count,400,0.91,,
aggregate,ALL,1.5,60.0,truth_selected,400,0.2825,0.24060954581038724,0.3285284528504738
aggregate,ALL,1.5,60.0,exclusive_truth_selected,400,0.2825,0.24060954581038724,0.3285284528504738
aggregate,ALL,1.5,60.0,unique_top1_correct,400,0.8075,0.766010151768214,0.8431395742629825
aggregate,ALL,1.5,60.0,ranking_ambiguous,400,0.03,0.017242849034032177,0.05169903312966765
aggregate,ALL,1.5,60.0,distractor_coselected,400,0.0,0.0,0.009512640599680667
aggregate,ALL,1.5,60.0,mean_selected_count,400,0.2825,,
per_driver,cu01_local_temp_avg_c__rise,0.5,15.0,truth_selected,100,0.99,0.9455124752390653,0.9982326134344526
per_driver,cu01_local_temp_avg_c__rise,0.5,15.0,exclusive_truth_selected,100,0.99,0.9455124752390653,0.9982326134344526
per_driver,cu01_local_temp_avg_c__rise,0.5,15.0,unique_top1_correct,100,1.0,0.9630051925239981,0.9999999999999999
per_driver,cu01_local_temp_avg_c__rise,0.5,15.0,ranking_ambiguous,100,0.0,0.0,0.03699480747600191
per_driver,cu01_local_temp_avg_c__rise,0.5,15.0,distractor_coselected,100,0.0,0.0,0.03699480747600191
per_driver,cu01_local_temp_avg_c__rise,0.5,30.0,truth_selected,100,0.99,0.9455124752390653,0.9982326134344526
per_driver,cu01_local_temp_avg_c__rise,0.5,30.0,exclusive_truth_selected,100,0.99,0.9455124752390653,0.9982326134344526
per_driver,cu01_local_temp_avg_c__rise,0.5,30.0,unique_top1_correct,100,1.0,0.9630051925239981,0.9999999999999999
per_driver,cu01_local_temp_avg_c__rise,0.5,30.0,ranking_ambiguous,100,0.0,0.0,0.03699480747600191
per_driver,cu01_local_temp_avg_c__rise,0.5,30.0,distractor_coselected,100,0.0,0.0,0.03699480747600191
per_driver,cu01_local_temp_avg_c__rise,0.5,60.0,truth_selected,100,0.46,0.36560643853331865,0.5573531460647615
per_driver,cu01_local_temp_avg_c__rise,0.5,60.0,exclusive_truth_selected,100,0.46,0.36560643853331865,0.5573531460647615
per_driver,cu01_local_temp_avg_c__rise,0.5,60.0,unique_top1_correct,100,1.0,0.9630051925239981,0.9999999999999999
per_driver,cu01_local_temp_avg_c__rise,0.5,60.0,ranking_ambiguous,100,0.0,0.0,0.03699480747600191
per_driver,cu01_local_temp_avg_c__rise,0.5,60.0,distractor_coselected,100,0.0,0.0,0.03699480747600191
per_driver,cu01_local_temp_avg_c__rise,1.0,15.0,truth_selected,100,1.0,0.9630051925239981,0.9999999999999999
per_driver,cu01_local_temp_avg_c__rise,1.0,15.0,exclusive_truth_selected,100,1.0,0.9630051925239981,0.9999999999999999
per_driver,cu01_local_temp_avg_c__rise,1.0,15.0,unique_top1_correct,100,1.0,0.9630051925239981,0.9999999999999999
per_driver,cu01_local_temp_avg_c__rise,1.0,15.0,ranking_ambiguous,100,0.0,0.0,0.03699480747600191
per_driver,cu01_local_temp_avg_c__rise,1.0,15.0,distractor_coselected,100,0.0,0.0,0.03699480747600191
per_driver,cu01_local_temp_avg_c__rise,1.0,30.0,truth_selected,100,1.0,0.9630051925239981,0.9999999999999999
per_driver,cu01_local_temp_avg_c__rise,1.0,30.0,exclusive_truth_selected,100,1.0,0.9630051925239981,0.9999999999999999
per_driver,cu01_local_temp_avg_c__rise,1.0,30.0,unique_top1_correct,100,1.0,0.9630051925239981,0.9999999999999999
per_driver,cu01_local_temp_avg_c__rise,1.0,30.0,ranking_ambiguous,100,0.0,0.0,0.03699480747600191
per_driver,cu01_local_temp_avg_c__rise,1.0,30.0,distractor_coselected,100,0.0,0.0,0.03699480747600191
per_driver,cu01_local_temp_avg_c__rise,1.0,60.0,truth_selected,100,0.46,0.36560643853331865,0.5573531460647615
per_driver,cu01_local_temp_avg_c__rise,1.0,60.0,exclusive_truth_selected,100,0.46,0.36560643853331865,0.5573531460647615
per_driver,cu01_local_temp_avg_c__rise,1.0,60.0,unique_top1_correct,100,0.98,0.9299868370580063,0.9944981477650318
per_driver,cu01_local_temp_avg_c__rise,1.0,60.0,ranking_ambiguous,100,0.02,0.005501852234968185,0.07001316294199365
per_driver,cu01_local_temp_avg_c__rise,1.0,60.0,distractor_coselected,100,0.0,0.0,0.03699480747600191
per_driver,cu01_local_temp_avg_c__rise,1.5,15.0,truth_selected,100,1.0,0.9630051925239981,0.9999999999999999
per_driver,cu01_local_temp_avg_c__rise,1.5,15.0,exclusive_truth_selected,100,1.0,0.9630051925239981,0.9999999999999999
per_driver,cu01_local_temp_avg_c__rise,1.5,15.0,unique_top1_correct,100,1.0,0.9630051925239981,0.9999999999999999
per_driver,cu01_local_temp_avg_c__rise,1.5,15.0,ranking_ambiguous,100,0.0,0.0,0.03699480747600191
per_driver,cu01_local_temp_avg_c__rise,1.5,15.0,distractor_coselected,100,0.0,0.0,0.03699480747600191
per_driver,cu01_local_temp_avg_c__rise,1.5,30.0,truth_selected,100,1.0,0.9630051925239981,0.9999999999999999
per_driver,cu01_local_temp_avg_c__rise,1.5,30.0,exclusive_truth_selected,100,1.0,0.9630051925239981,0.9999999999999999
per_driver,cu01_local_temp_avg_c__rise,1.5,30.0,unique_top1_correct,100,1.0,0.9630051925239981,0.9999999999999999
per_driver,cu01_local_temp_avg_c__rise,1.5,30.0,ranking_ambiguous,100,0.0,0.0,0.03699480747600191
per_driver,cu01_local_temp_avg_c__rise,1.5,30.0,distractor_coselected,100,0.0,0.0,0.03699480747600191
per_driver,cu01_local_temp_avg_c__rise,1.5,60.0,truth_selected,100,0.46,0.36560643853331865,0.5573531460647615
per_driver,cu01_local_temp_avg_c__rise,1.5,60.0,exclusive_truth_selected,100,0.46,0.36560643853331865,0.5573531460647615
per_driver,cu01_local_temp_avg_c__rise,1.5,60.0,unique_top1_correct,100,0.98,0.9299868370580063,0.9944981477650318
per_driver,cu01_local_temp_avg_c__rise,1.5,60.0,ranking_ambiguous,100,0.02,0.005501852234968185,0.07001316294199365
per_driver,cu01_local_temp_avg_c__rise,1.5,60.0,distractor_coselected,100,0.0,0.0,0.03699480747600191
per_driver,sj01_local_hum_avg_pct__fall,0.5,15.0,truth_selected,100,0.77,0.6784543514317231,0.841568452531236
per_driver,sj01_local_hum_avg_pct__fall,0.5,15.0,exclusive_truth_selected,100,0.77,0.6784543514317231,0.841568452531236
per_driver,sj01_local_hum_avg_pct__fall,0.5,15.0,unique_top1_correct,100,0.97,0.915479219195973,0.9897456617765851
per_driver,sj01_local_hum_avg_pct__fall,0.5,15.0,ranking_ambiguous,100,0.0,0.0,0.03699480747600191
per_driver,sj01_local_hum_avg_pct__fall,0.5,15.0,distractor_coselected,100,0.0,0.0,0.03699480747600191
per_driver,sj01_local_hum_avg_pct__fall,0.5,30.0,truth_selected,100,0.07,0.034318824364064096,0.13749671006529757
per_driver,sj01_local_hum_avg_pct__fall,0.5,30.0,exclusive_truth_selected,100,0.07,0.034318824364064096,0.13749671006529757
per_driver,sj01_local_hum_avg_pct__fall,0.5,30.0,unique_top1_correct,100,0.72,0.6251178763865427,0.7986044083240164
per_driver,sj01_local_hum_avg_pct__fall,0.5,30.0,ranking_ambiguous,100,0.03,0.010254338223414816,0.08452078080402699
per_driver,sj01_local_hum_avg_pct__fall,0.5,30.0,distractor_coselected,100,0.0,0.0,0.03699480747600191
per_driver,sj01_local_hum_avg_pct__fall,0.5,60.0,truth_selected,100,0.0,0.0,0.03699480747600191
per_driver,sj01_local_hum_avg_pct__fall,0.5,60.0,exclusive_truth_selected,100,0.0,0.0,0.03699480747600191
per_driver,sj01_local_hum_avg_pct__fall,0.5,60.0,unique_top1_correct,100,0.0,0.0,0.03699480747600191
per_driver,sj01_local_hum_avg_pct__fall,0.5,60.0,ranking_ambiguous,100,0.0,0.0,0.03699480747600191
per_driver,sj01_local_hum_avg_pct__fall,0.5,60.0,distractor_coselected,100,0.0,0.0,0.03699480747600191
per_driver,sj01_local_hum_avg_pct__fall,1.0,15.0,truth_selected,100,0.99,0.9455124752390653,0.9982326134344526
per_driver,sj01_local_hum_avg_pct__fall,1.0,15.0,exclusive_truth_selected,100,0.99,0.9455124752390653,0.9982326134344526
per_driver,sj01_local_hum_avg_pct__fall,1.0,15.0,unique_top1_correct,100,1.0,0.9630051925239981,0.9999999999999999
per_driver,sj01_local_hum_avg_pct__fall,1.0,15.0,ranking_ambiguous,100,0.0,0.0,0.03699480747600191
per_driver,sj01_local_hum_avg_pct__fall,1.0,15.0,distractor_coselected,100,0.0,0.0,0.03699480747600191
per_driver,sj01_local_hum_avg_pct__fall,1.0,30.0,truth_selected,100,0.98,0.9299868370580063,0.9944981477650318
per_driver,sj01_local_hum_avg_pct__fall,1.0,30.0,exclusive_truth_selected,100,0.98,0.9299868370580063,0.9944981477650318
per_driver,sj01_local_hum_avg_pct__fall,1.0,30.0,unique_top1_correct,100,1.0,0.9630051925239981,0.9999999999999999
per_driver,sj01_local_hum_avg_pct__fall,1.0,30.0,ranking_ambiguous,100,0.0,0.0,0.03699480747600191
per_driver,sj01_local_hum_avg_pct__fall,1.0,30.0,distractor_coselected,100,0.0,0.0,0.03699480747600191
per_driver,sj01_local_hum_avg_pct__fall,1.0,60.0,truth_selected,100,0.07,0.034318824364064096,0.13749671006529757
per_driver,sj01_local_hum_avg_pct__fall,1.0,60.0,exclusive_truth_selected,100,0.07,0.034318824364064096,0.13749671006529757
per_driver,sj01_local_hum_avg_pct__fall,1.0,60.0,unique_top1_correct,100,0.11,0.06254131955225126,0.18631463027903022
per_driver,sj01_local_hum_avg_pct__fall,1.0,60.0,ranking_ambiguous,100,0.06,0.02778574526665662,0.12476968531222507
per_driver,sj01_local_hum_avg_pct__fall,1.0,60.0,distractor_coselected,100,0.0,0.0,0.03699480747600191
per_driver,sj01_local_hum_avg_pct__fall,1.5,15.0,truth_selected,100,0.99,0.9455124752390653,0.9982326134344526
per_driver,sj01_local_hum_avg_pct__fall,1.5,15.0,exclusive_truth_selected,100,0.99,0.9455124752390653,0.9982326134344526
per_driver,sj01_local_hum_avg_pct__fall,1.5,15.0,unique_top1_correct,100,1.0,0.9630051925239981,0.9999999999999999
per_driver,sj01_local_hum_avg_pct__fall,1.5,15.0,ranking_ambiguous,100,0.0,0.0,0.03699480747600191
per_driver,sj01_local_hum_avg_pct__fall,1.5,15.0,distractor_coselected,100,0.0,0.0,0.03699480747600191
per_driver,sj01_local_hum_avg_pct__fall,1.5,30.0,truth_selected,100,1.0,0.9630051925239981,0.9999999999999999
per_driver,sj01_local_hum_avg_pct__fall,1.5,30.0,exclusive_truth_selected,100,1.0,0.9630051925239981,0.9999999999999999
per_driver,sj01_local_hum_avg_pct__fall,1.5,30.0,unique_top1_correct,100,1.0,0.9630051925239981,0.9999999999999999
per_driver,sj01_local_hum_avg_pct__fall,1.5,30.0,ranking_ambiguous,100,0.0,0.0,0.03699480747600191
per_driver,sj01_local_hum_avg_pct__fall,1.5,30.0,distractor_coselected,100,0.0,0.0,0.03699480747600191
per_driver,sj01_local_hum_avg_pct__fall,1.5,60.0,truth_selected,100,0.2,0.1333659225590988,0.28883096192650237
per_driver,sj01_local_hum_avg_pct__fall,1.5,60.0,exclusive_truth_selected,100,0.2,0.1333659225590988,0.28883096192650237
per_driver,sj01_local_hum_avg_pct__fall,1.5,60.0,unique_top1_correct,100,0.76,0.6676748127670786,0.8330878873454004
per_driver,sj01_local_hum_avg_pct__fall,1.5,60.0,ranking_ambiguous,100,0.03,0.010254338223414816,0.08452078080402699
per_driver,sj01_local_hum_avg_pct__fall,1.5,60.0,distractor_coselected,100,0.0,0.0,0.03699480747600191
per_driver,sj01_local_press_hpa__rise,0.5,15.0,truth_selected,100,0.0,0.0,0.03699480747600191
per_driver,sj01_local_press_hpa__rise,0.5,15.0,exclusive_truth_selected,100,0.0,0.0,0.03699480747600191
per_driver,sj01_local_press_hpa__rise,0.5,15.0,unique_top1_correct,100,0.0,0.0,0.03699480747600191
per_driver,sj01_local_press_hpa__rise,0.5,15.0,ranking_ambiguous,100,0.04,0.015663050551848016,0.09837217232607373
per_driver,sj01_local_press_hpa__rise,0.5,15.0,distractor_coselected,100,0.0,0.0,0.03699480747600191
per_driver,sj01_local_press_hpa__rise,0.5,30.0,truth_selected,100,0.0,0.0,0.03699480747600191
per_driver,sj01_local_press_hpa__rise,0.5,30.0,exclusive_truth_selected,100,0.0,0.0,0.03699480747600191
per_driver,sj01_local_press_hpa__rise,0.5,30.0,unique_top1_correct,100,0.0,0.0,0.03699480747600191
per_driver,sj01_local_press_hpa__rise,0.5,30.0,ranking_ambiguous,100,0.58,0.4820630799889527,0.672017750814887
per_driver,sj01_local_press_hpa__rise,0.5,30.0,distractor_coselected,100,0.0,0.0,0.03699480747600191
per_driver,sj01_local_press_hpa__rise,0.5,60.0,truth_selected,100,0.0,0.0,0.03699480747600191
per_driver,sj01_local_press_hpa__rise,0.5,60.0,exclusive_truth_selected,100,0.0,0.0,0.03699480747600191
per_driver,sj01_local_press_hpa__rise,0.5,60.0,unique_top1_correct,100,0.0,0.0,0.03699480747600191
per_driver,sj01_local_press_hpa__rise,0.5,60.0,ranking_ambiguous,100,0.0,0.0,0.03699480747600191
per_driver,sj01_local_press_hpa__rise,0.5,60.0,distractor_coselected,100,0.0,0.0,0.03699480747600191
per_driver,sj01_local_press_hpa__rise,1.0,15.0,truth_selected,100,0.42,0.327982249185113,0.5179369200110473
per_driver,sj01_local_press_hpa__rise,1.0,15.0,exclusive_truth_selected,100,0.42,0.327982249185113,0.5179369200110473
per_driver,sj01_local_press_hpa__rise,1.0,15.0,unique_top1_correct,100,0.78,0.6892946528499969,0.849988254963442
per_driver,sj01_local_press_hpa__rise,1.0,15.0,ranking_ambiguous,100,0.03,0.010254338223414816,0.08452078080402699
per_driver,sj01_local_press_hpa__rise,1.0,15.0,distractor_coselected,100,0.0,0.0,0.03699480747600191
per_driver,sj01_local_press_hpa__rise,1.0,30.0,truth_selected,100,0.19,0.1251465399270426,0.27779024070807856
per_driver,sj01_local_press_hpa__rise,1.0,30.0,exclusive_truth_selected,100,0.19,0.1251465399270426,0.27779024070807856
per_driver,sj01_local_press_hpa__rise,1.0,30.0,unique_top1_correct,100,0.58,0.4820630799889527,0.672017750814887
per_driver,sj01_local_press_hpa__rise,1.0,30.0,ranking_ambiguous,100,0.18,0.11700131654251038,0.26667536024213084
per_driver,sj01_local_press_hpa__rise,1.0,30.0,distractor_coselected,100,0.0,0.0,0.03699480747600191
per_driver,sj01_local_press_hpa__rise,1.0,60.0,truth_selected,100,0.07,0.034318824364064096,0.13749671006529757
per_driver,sj01_local_press_hpa__rise,1.0,60.0,exclusive_truth_selected,100,0.07,0.034318824364064096,0.13749671006529757
per_driver,sj01_local_press_hpa__rise,1.0,60.0,unique_top1_correct,100,0.51,0.4134784047743415,0.6057816990761385
per_driver,sj01_local_press_hpa__rise,1.0,60.0,ranking_ambiguous,100,0.1,0.05522854161313613,0.1743673043676654
per_driver,sj01_local_press_hpa__rise,1.0,60.0,distractor_coselected,100,0.0,0.0,0.03699480747600191
per_driver,sj01_local_press_hpa__rise,1.5,15.0,truth_selected,100,0.42,0.327982249185113,0.5179369200110473
per_driver,sj01_local_press_hpa__rise,1.5,15.0,exclusive_truth_selected,100,0.42,0.327982249185113,0.5179369200110473
per_driver,sj01_local_press_hpa__rise,1.5,15.0,unique_top1_correct,100,0.78,0.6892946528499969,0.849988254963442
per_driver,sj01_local_press_hpa__rise,1.5,15.0,ranking_ambiguous,100,0.03,0.010254338223414816,0.08452078080402699
per_driver,sj01_local_press_hpa__rise,1.5,15.0,distractor_coselected,100,0.0,0.0,0.03699480747600191
per_driver,sj01_local_press_hpa__rise,1.5,30.0,truth_selected,100,0.64,0.542352199811621,0.7272892540950986
per_driver,sj01_local_press_hpa__rise,1.5,30.0,exclusive_truth_selected,100,0.64,0.542352199811621,0.7272892540950986
per_driver,sj01_local_press_hpa__rise,1.5,30.0,unique_top1_correct,100,0.88,0.8018773199709163,0.9300066263473222
per_driver,sj01_local_press_hpa__rise,1.5,30.0,ranking_ambiguous,100,0.06,0.02778574526665662,0.12476968531222507
per_driver,sj01_local_press_hpa__rise,1.5,30.0,distractor_coselected,100,0.0,0.0,0.03699480747600191
per_driver,sj01_local_press_hpa__rise,1.5,60.0,truth_selected,100,0.17,0.10893476059773155,0.25548181233642975
per_driver,sj01_local_press_hpa__rise,1.5,60.0,exclusive_truth_selected,100,0.17,0.10893476059773155,0.25548181233642975
per_driver,sj01_local_press_hpa__rise,1.5,60.0,unique_top1_correct,100,0.67,0.5730516033971139,0.7543701620610456
per_driver,sj01_local_press_hpa__rise,1.5,60.0,ranking_ambiguous,100,0.07,0.034318824364064096,0.13749671006529757
per_driver,sj01_local_press_hpa__rise,1.5,60.0,distractor_coselected,100,0.0,0.0,0.03699480747600191
per_driver,sj01_local_temp_avg_c__fall,0.5,15.0,truth_selected,100,0.94,0.8752303146877748,0.9722142547333433
per_driver,sj01_local_temp_avg_c__fall,0.5,15.0,exclusive_truth_selected,100,0.94,0.8752303146877748,0.9722142547333433
per_driver,sj01_local_temp_avg_c__fall,0.5,15.0,unique_top1_correct,100,1.0,0.9630051925239981,0.9999999999999999
per_driver,sj01_local_temp_avg_c__fall,0.5,15.0,ranking_ambiguous,100,0.0,0.0,0.03699480747600191
per_driver,sj01_local_temp_avg_c__fall,0.5,15.0,distractor_coselected,100,0.0,0.0,0.03699480747600191
per_driver,sj01_local_temp_avg_c__fall,0.5,30.0,truth_selected,100,0.48,0.38464384320080547,0.5768359490982345
per_driver,sj01_local_temp_avg_c__fall,0.5,30.0,exclusive_truth_selected,100,0.48,0.38464384320080547,0.5768359490982345
per_driver,sj01_local_temp_avg_c__fall,0.5,30.0,unique_top1_correct,100,0.93,0.8625032899347025,0.965681175635936
per_driver,sj01_local_temp_avg_c__fall,0.5,30.0,ranking_ambiguous,100,0.01,0.0017673865655472645,0.0544875247609346
per_driver,sj01_local_temp_avg_c__fall,0.5,30.0,distractor_coselected,100,0.0,0.0,0.03699480747600191
per_driver,sj01_local_temp_avg_c__fall,0.5,60.0,truth_selected,100,0.0,0.0,0.03699480747600191
per_driver,sj01_local_temp_avg_c__fall,0.5,60.0,exclusive_truth_selected,100,0.0,0.0,0.03699480747600191
per_driver,sj01_local_temp_avg_c__fall,0.5,60.0,unique_top1_correct,100,0.0,0.0,0.03699480747600191
per_driver,sj01_local_temp_avg_c__fall,0.5,60.0,ranking_ambiguous,100,0.0,0.0,0.03699480747600191
per_driver,sj01_local_temp_avg_c__fall,0.5,60.0,distractor_coselected,100,0.0,0.0,0.03699480747600191
per_driver,sj01_local_temp_avg_c__fall,1.0,15.0,truth_selected,100,1.0,0.9630051925239981,0.9999999999999999
per_driver,sj01_local_temp_avg_c__fall,1.0,15.0,exclusive_truth_selected,100,1.0,0.9630051925239981,0.9999999999999999
per_driver,sj01_local_temp_avg_c__fall,1.0,15.0,unique_top1_correct,100,1.0,0.9630051925239981,0.9999999999999999
per_driver,sj01_local_temp_avg_c__fall,1.0,15.0,ranking_ambiguous,100,0.0,0.0,0.03699480747600191
per_driver,sj01_local_temp_avg_c__fall,1.0,15.0,distractor_coselected,100,0.0,0.0,0.03699480747600191
per_driver,sj01_local_temp_avg_c__fall,1.0,30.0,truth_selected,100,0.99,0.9455124752390653,0.9982326134344526
per_driver,sj01_local_temp_avg_c__fall,1.0,30.0,exclusive_truth_selected,100,0.99,0.9455124752390653,0.9982326134344526
per_driver,sj01_local_temp_avg_c__fall,1.0,30.0,unique_top1_correct,100,1.0,0.9630051925239981,0.9999999999999999
per_driver,sj01_local_temp_avg_c__fall,1.0,30.0,ranking_ambiguous,100,0.0,0.0,0.03699480747600191
per_driver,sj01_local_temp_avg_c__fall,1.0,30.0,distractor_coselected,100,0.0,0.0,0.03699480747600191
per_driver,sj01_local_temp_avg_c__fall,1.0,60.0,truth_selected,100,0.25,0.1754509400372426,0.3430464637007583
per_driver,sj01_local_temp_avg_c__fall,1.0,60.0,exclusive_truth_selected,100,0.25,0.1754509400372426,0.3430464637007583
per_driver,sj01_local_temp_avg_c__fall,1.0,60.0,unique_top1_correct,100,0.78,0.6892946528499969,0.849988254963442
per_driver,sj01_local_temp_avg_c__fall,1.0,60.0,ranking_ambiguous,100,0.0,0.0,0.03699480747600191
per_driver,sj01_local_temp_avg_c__fall,1.0,60.0,distractor_coselected,100,0.0,0.0,0.03699480747600191
per_driver,sj01_local_temp_avg_c__fall,1.5,15.0,truth_selected,100,1.0,0.9630051925239981,0.9999999999999999
per_driver,sj01_local_temp_avg_c__fall,1.5,15.0,exclusive_truth_selected,100,1.0,0.9630051925239981,0.9999999999999999
per_driver,sj01_local_temp_avg_c__fall,1.5,15.0,unique_top1_correct,100,1.0,0.9630051925239981,0.9999999999999999
per_driver,sj01_local_temp_avg_c__fall,1.5,15.0,ranking_ambiguous,100,0.0,0.0,0.03699480747600191
per_driver,sj01_local_temp_avg_c__fall,1.5,15.0,distractor_coselected,100,0.0,0.0,0.03699480747600191
per_driver,sj01_local_temp_avg_c__fall,1.5,30.0,truth_selected,100,1.0,0.9630051925239981,0.9999999999999999
per_driver,sj01_local_temp_avg_c__fall,1.5,30.0,exclusive_truth_selected,100,1.0,0.9630051925239981,0.9999999999999999
per_driver,sj01_local_temp_avg_c__fall,1.5,30.0,unique_top1_correct,100,1.0,0.9630051925239981,0.9999999999999999
per_driver,sj01_local_temp_avg_c__fall,1.5,30.0,ranking_ambiguous,100,0.0,0.0,0.03699480747600191
per_driver,sj01_local_temp_avg_c__fall,1.5,30.0,distractor_coselected,100,0.0,0.0,0.03699480747600191
per_driver,sj01_local_temp_avg_c__fall,1.5,60.0,truth_selected,100,0.3,0.21894753866228117,0.39585038432811953
per_driver,sj01_local_temp_avg_c__fall,1.5,60.0,exclusive_truth_selected,100,0.3,0.21894753866228117,0.39585038432811953
per_driver,sj01_local_temp_avg_c__fall,1.5,60.0,unique_top1_correct,100,0.82,0.7333246397578691,0.8829986834574896
per_driver,sj01_local_temp_avg_c__fall,1.5,60.0,ranking_ambiguous,100,0.0,0.0,0.03699480747600191
per_driver,sj01_local_temp_avg_c__fall,1.5,60.0,distractor_coselected,100,0.0,0.0,0.03699480747600191
