,sj01_local_wind_speed_ms__fall,cu01_local_hum_avg_pct__fall,cu01_local_hum_avg_pct__rise,sj01_local_wind_speed_ms__rise,sj01_local_press_hpa__rise,sj01_local_hum_avg_pct__fall,cu01_local_temp_avg_c__fall,sj01_local_hum_avg_pct__rise,sj01_local_press_hpa__fall,cu01_local_temp_avg_c__rise
sj01_local_wind_speed_ms__fall,1.0,0.6065573770491803,0.5081967213114754,0.7868852459016393,0.72,0.6041666666666666,0.574468085106383,0.717391304347826,0.5681818181818182,0.6
cu01_local_hum_avg_pct__fall,0.6065573770491803,1.0,0.47540983606557374,0.639344262295082,0.52,0.7083333333333334,0.46808510638297873,0.5652173913043478,0.6136363636363636,0.5714285714285714
cu01_local_hum_avg_pct__rise,0.5081967213114754,0.47540983606557374,1.0,0.4426229508196721,0.72,0.625,0.6382978723404256,0.5652173913043478,0.4318181818181818,0.5142857142857142
sj01_local_wind_speed_ms__rise,0.7868852459016393,0.639344262295082,0.4426229508196721,1.0,0.64,0.6041666666666666,0.5319148936170213,0.5869565217391305,0.36363636363636365,0.8285714285714286
sj01_local_press_hpa__rise,0.72,0.52,0.72,0.64,1.0,0.3958333333333333,0.48936170212765956,0.41304347826086957,0.29545454545454547,0.34285714285714286
sj01_local_hum_avg_pct__fall,0.6041666666666666,0.7083333333333334,0.625,0.6041666666666666,0.3958333333333333,1.0,0.44680851063829785,0.7608695652173914,0.4090909090909091,0.45714285714285713
cu01_local_temp_avg_c__fall,0.574468085106383,0.46808510638297873,0.6382978723404256,0.5319148936170213,0.48936170212765956,0.44680851063829785,1.0,0.6304347826086957,0.5454545454545454,0.5714285714285714
sj01_local_hum_avg_pct__rise,0.717391304347826,0.5652173913043478,0.5652173913043478,0.5869565217391305,0.41304347826086957,0.7608695652173914,0.6304347826086957,1.0,0.4090909090909091,0.6
sj01_local_press_hpa__fall,0.5681818181818182,0.6136363636363636,0.4318181818181818,0.36363636363636365,0.29545454545454547,0.4090909090909091,0.5454545454545454,0.4090909090909091,1.0,0.34285714285714286
cu01_local_temp_avg_c__rise,0.6,0.5714285714285714,0.5142857142857142,0.8285714285714286,0.34285714285714286,0.45714285714285713,0.5714285714285714,0.6,0.34285714285714286,1.0
